Year,Day,Area_km2
2011,1,10362622.581827078
2011,2,10168290.503181908
2011,3,9973063.959066177
2011,4,9882146.113402233
2011,5,9848721.020865796
2011,6,9963196.48602194
2011,7,9319766.04934234
2011,8,9358791.714133613
2011,9,8907686.32951617
2011,10,7989768.707730341
2011,11,8119547.425969043
2011,12,7779559.65817903
2011,13,7977577.838790108
2011,14,7182507.881561074
2011,15,6714802.642207012
2011,16,6597720.3781843865
2011,17,6888608.435445355
2011,18,6596774.105546203
2011,19,6048377.820702303
2011,20,6446930.529408313
2011,21,6756220.169842955
2011,22,6379350.273425871
2011,23,6537593.981957166
2011,24,5909653.731983922
2011,25,5924262.190075701
2011,26,5419650.244549969
2011,27,5364843.971232198
2011,28,5611922.146093711
2011,29,5570781.975448818
2011,30,5488122.401218627
2011,31,5554995.420837063
2011,32,4835046.373763525
2011,33,5029780.534647659
2011,34,4542036.506555722
2011,35,4355813.63171379
2011,36,4037872.7830246654
2011,37,4268889.294515559
2011,38,4314653.168769075
2011,39,3953141.998596667
2011,40,3872851.410575824
2011,41,4018260.8185153366
2011,42,3818075.518488859
2011,43,3788522.9680008357
2011,45,3695342.2163955504
2011,46,4033568.2217905135
2011,47,3754583.472911283
2011,48,3720771.7171012065
2011,49,3603906.8450167575
2011,50,3562914.74330262
2011,51,3558787.066772455
2011,52,3532413.1672328957
2011,53,3364308.3897831095
2011,54,3662963.4194451417
2011,55,3815928.447840301
2011,56,3974355.6927732537
2011,57,3852264.1658455455
2011,58,3877985.637599374
2011,59,3901093.1712640277
2011,60,3795680.6882454357
2011,61,3783813.6529343496
2011,62,3704491.70076806
2011,63,3884784.32562714
2011,64,3951903.5350763174
2011,65,4078428.94345589
2011,66,4002591.8839248475
2011,67,3999937.441995954
2011,68,3861317.6381015196
2011,69,4070259.2930658967
2011,70,4207551.528817184
2011,71,4128903.177837095
2011,72,4164985.665203741
2011,73,4151527.3157365527
2011,74,4141353.5224343427
2011,75,4193454.554062553
2011,76,4313663.714423737
2011,77,4312146.701315386
2011,78,4323751.726878965
2011,79,4430503.115095579
2011,80,4404136.280934538
2011,81,4511944.72687414
2011,82,4556950.940627015
2011,83,4537253.092617924
2011,84,4533508.994912284
2011,85,4594142.869837405
2011,86,4621575.957620407
2011,87,4748108.390945563
2011,88,4873899.472593751
2011,89,4941427.334250758
2011,90,4960445.326638584
2011,91,5068456.172888981
2011,92,4959635.051613471
2011,93,5173863.7214851985
2011,94,5177869.962875014
2011,95,5278278.851699459
2011,96,5302304.256103713
2011,97,5811882.457304172
2011,98,5799506.117790689
2011,99,5786391.596196427
2011,100,5685642.368524091
2011,101,6021959.69160112
2011,102,6261358.507785453
2011,103,6201011.80136717
2011,104,6440199.088261833
2011,105,6539634.667705317
2011,106,6689746.758471399
2011,107,6954462.591237227
2011,108,6833563.792849573
2011,110,7341743.0900567565
2011,111,7423353.5281275585
2011,112,7555313.965851803
2011,113,7608224.177170996
2011,114,7705554.468245049
2011,115,7822382.316036853
2011,116,8023914.4886275
2011,117,8148635.242570566
2011,118,8161323.654216834
2011,119,8085086.610058336
2011,120,8265048.8190791365
2011,122,9001406.560989005
2011,123,8988382.451930018
2011,124,9297774.43066237
2011,125,9584894.505810738
2011,126,9493470.924709192
2011,127,9491153.507342914
2011,128,9555075.339686923
2011,129,9626264.313337285
2011,130,9617803.573449397
2011,131,9898003.068367742
2011,132,10193135.700382642
2011,133,10349634.766519027
2011,134,10456529.792967876
2011,135,10697818.213294243
2011,136,10810817.66023371
2011,137,10961738.659180835
2011,138,11119839.471792633
2011,139,11215090.70473306
2011,140,11165541.400564246
2011,141,11382535.571310963
2011,142,11637301.341056777
2011,143,11647739.37926816
2011,144,11747082.026105134
2011,145,11942692.950577965
2011,146,12108773.564014146
2011,147,12080757.346173959
2011,148,12223764.09483866
2011,149,12493981.683037505
2011,150,12755387.010257713
2011,151,12988276.651522165
2011,152,13033512.92971293
2011,153,13211029.05325592
2011,154,13163535.316045873
2011,155,12866810.338101784
2011,156,13387856.230253348
2011,157,13766140.576368617
2011,158,13785964.030324489
2011,159,13444898.476243347
2011,160,13629553.911044521
2011,161,13560819.20019609
2011,162,13708161.741405502
2011,163,13933720.141715243
2011,164,13934144.239078015
2011,165,14025995.406851713
2011,166,14331801.11742931
2011,167,14547773.54209691
2011,168,14656739.672813585
2011,169,14890539.22756991
2011,170,15029968.216824882
2011,171,14810674.576386832
2011,172,14889650.979825921
2011,173,15036954.915913804
2011,174,15124007.129606195
2011,175,15205138.47239676
2011,176,14978116.072238468
2011,177,15054888.506251905
2011,178,14804574.732495127
2011,179,14974936.50413841
2011,180,14849798.40990016
2011,181,15192266.939567018
2011,182,15296336.408356491
2011,183,15212467.782927243
2011,184,15186977.859413177
2011,185,15075769.434188813
2011,186,15438369.20995173
2011,187,15635838.34667427
2011,188,15550862.882190078
2011,189,15832987.821891626
2011,190,16267629.59998462
2011,191,16465339.631086111
2011,192,16348966.485996049
2011,193,16534284.642209997
2011,194,16268906.594356382
2011,195,16482382.45858419
2011,196,16633120.782266404
2011,197,16814699.197883103
2011,198,16837658.987590346
2011,199,16959208.057023842
2011,200,17014386.986244246
2011,201,17161958.285877116
2011,202,17388056.05202746
2011,203,17886286.016152725
2011,204,17413054.772255894
2011,205,17639972.35240262
2011,206,17785202.673566177
2011,207,17810407.554374147
2011,208,17973727.86263049
2011,209,17952329.538340557
2011,210,17990514.30529415
2011,211,17862723.383649755
2011,212,17895503.915931903
2011,213,18189433.906475287
2011,214,18389061.951169282
2011,215,18231536.33505482
2011,216,18517285.71303916
2011,217,18271031.161828596
2011,218,18512190.67791055
2011,219,18491396.275531735
2011,220,18870935.824464828
2011,221,19041202.92058554
2011,222,19154194.025864884
2011,223,19030882.14494308
2011,224,18907874.296427637
2011,225,18643183.08147408
2011,226,18772408.153045665
2011,227,18990525.07676976
2011,228,18935906.76514021
2011,229,19286637.166773554
2011,230,19345051.52481606
2011,231,19520081.70697444
2011,232,19745808.44645089
2011,233,19791643.755551122
2011,234,20044298.774502926
2011,235,19776298.633000575
2011,236,19932572.19178932
2011,237,18903283.978015985
2011,238,19032553.91931931
2011,239,19032430.466783773
2011,240,19118844.278111894
2011,241,18367545.319662455
2011,242,19025338.267049316
2011,243,19593127.62118417
2011,244,20007448.30032891
2011,245,20317980.471158795
2011,246,19600042.173175745
2011,247,19901369.782059167
2011,248,19752912.97720212
2011,249,19774655.92250433
2011,250,20231011.131505497
2011,251,19499440.238711473
2011,252,19914730.554259356
2011,253,19964326.26882555
2011,254,20008231.781969212
2011,255,20257216.615681157
2011,256,20185287.709163062
2011,257,20472721.279286183
2011,258,20523444.16472356
2011,259,20737990.35494688
2011,260,20671300.848154794
2011,261,20503216.20109871
2011,262,20031847.872058325
2011,263,19736974.511007804
2011,264,20050214.574368432
2011,265,20327704.476250775
2011,266,20457668.532644622
2011,267,20311414.536512125
2011,268,20199497.89718585
2011,269,20410732.267947994
2011,270,20112320.400399376
2011,271,19747620.16460073
2011,272,19827783.997916657
2011,273,19732709.98521334
2011,274,20019219.420329165
2011,275,19649436.73801606
2011,276,19855121.479555905
2011,277,19936138.184386466
2011,278,20444512.39919058
2011,279,20135208.604139734
2011,280,20498832.331446595
2011,281,20762516.859889038
2011,282,20709075.003357567
2011,283,20461146.296666116
2011,284,20428383.912308652
2011,285,20413787.137486413
2011,286,20396368.27441175
2011,287,20418416.844258413
2011,288,20024604.476868693
2011,289,19945803.836448856
2011,290,20006128.106020916
2011,291,19765830.413022574
2011,292,19704774.23147206
2011,293,19614937.211350672
2011,294,19523048.670027584
2011,295,19758981.031847496
2011,296,19433559.22862524
2011,297,19331937.513209302
2011,298,19565553.811625548
2011,299,19207689.85683475
2011,300,18978148.540798854
2011,301,18937386.67412085
2011,302,19096506.146684017
2011,303,18482930.228799623
2011,304,18371355.303353366
2011,305,18495673.06643561
2011,306,18872359.593980953
2011,307,19248743.522910308
2011,308,18818828.794652566
2011,309,18953396.134115517
2011,310,19031345.815033764
2011,311,18025535.743465878
2011,312,18270681.47542143
2011,313,18133039.366132177
2011,314,17753387.60604221
2011,315,17653398.417760253
2011,316,17662424.793200754
2011,317,17650051.28904402
2011,318,18119433.583496317
2011,319,17869103.9512467
2011,320,18030285.460742116
2011,321,18268037.827784076
2011,322,18187907.72106979
2011,323,17199861.510647535
2011,324,17269297.42080085
2011,325,17020872.74899635
2011,326,17131587.956911784
2011,327,16999917.288085822
2011,328,17023765.996659532
2011,329,16988991.92829237
2011,330,16943994.31036511
2011,331,16595481.366336154
2011,332,16494798.262971377
2011,333,16138414.14081742
2011,334,15787208.170825709
2011,335,15787045.416939462
2011,336,15451788.16259697
2011,337,15332350.563033495
2011,338,15323330.693784242
2011,339,15681129.437306747
2011,340,15990217.44212449
2011,341,15977364.998491816
2011,342,16228088.205982497
2011,343,16391062.643346798
2011,344,16318090.433692543
2011,345,15330896.411214799
2011,346,15070760.064663036
2011,347,14624824.18975162
2011,348,14436219.553084193
2011,349,14313896.77396668
2011,350,13958035.58136445
2011,351,14065420.87472419
2011,352,13898947.929053888
2011,353,13460377.471166903
2011,354,13382665.874466812
2011,355,13043002.551856842
2011,356,12580755.192913558
2011,357,12689310.449542193
2011,358,12634297.24076268
2011,359,12582053.866617978
2011,360,12439638.101840414
2011,361,12867493.960090188
2011,362,12998253.083568405
2011,363,12480835.331537029
2011,364,12636334.536731992
2011,365,12708552.556157948
2012,1,0.0
2012,2,0.0
2012,3,0.0
2012,4,0.0
2012,5,0.0
2012,6,0.0
2012,7,0.0
2012,8,0.0
2012,9,0.0
2012,10,0.0
2012,11,0.0
2012,12,0.0
2012,13,0.0
2012,14,0.0
2012,15,0.0
2012,16,0.0
2012,17,0.0
2012,18,0.0
2012,19,0.0
2012,20,0.0
2012,21,0.0
2012,22,0.0
2012,23,0.0
2012,24,0.0
2012,25,0.0
2012,26,0.0
2012,27,0.0
2012,28,0.0
2012,29,0.0
2012,30,0.0
2012,31,0.0
2012,32,0.0
2012,33,0.0
2012,34,0.0
2012,35,0.0
2012,36,0.0
2012,37,0.0
2012,38,0.0
2012,39,0.0
2012,40,0.0
2012,41,0.0
2012,42,0.0
2012,43,0.0
2012,44,0.0
2012,45,0.0
2012,46,0.0
2012,47,0.0
2012,48,0.0
2012,49,0.0
2012,50,0.0
2012,51,0.0
2012,52,0.0
2012,53,0.0
2012,54,0.0
2012,55,0.0
2012,56,0.0
2012,57,0.0
2012,58,0.0
2012,59,0.0
2012,60,0.0
2012,61,0.0
2012,62,0.0
2012,63,0.0
2012,64,0.0
2012,65,0.0
2012,66,0.0
2012,67,0.0
2012,68,0.0
2012,69,0.0
2012,70,0.0
2012,71,0.0
2012,72,0.0
2012,73,0.0
2012,74,0.0
2012,75,0.0
2012,76,0.0
2012,77,0.0
2012,78,0.0
2012,79,0.0
2012,80,0.0
2012,81,0.0
2012,82,0.0
2012,83,0.0
2012,84,0.0
2012,85,0.0
2012,86,0.0
2012,87,0.0
2012,88,0.0
2012,89,0.0
2012,90,0.0
2012,91,0.0
2012,92,0.0
2012,93,0.0
2012,94,0.0
2012,95,0.0
2012,96,0.0
2012,97,0.0
2012,98,0.0
2012,99,0.0
2012,100,0.0
2012,101,0.0
2012,102,0.0
2012,103,0.0
2012,104,0.0
2012,105,0.0
2012,106,0.0
2012,107,0.0
2012,108,0.0
2012,109,0.0
2012,110,0.0
2012,111,0.0
2012,112,0.0
2012,113,0.0
2012,114,0.0
2012,115,0.0
2012,116,0.0
2012,117,0.0
2012,118,0.0
2012,119,0.0
2012,120,0.0
2012,121,0.0
2012,122,0.0
2012,123,0.0
2012,124,0.0
2012,125,0.0
2012,126,0.0
2012,127,0.0
2012,128,0.0
2012,129,0.0
2012,130,0.0
2012,131,0.0
2012,132,0.0
2012,133,0.0
2012,134,0.0
2012,135,0.0
2012,136,0.0
2012,137,0.0
2012,138,0.0
2012,139,0.0
2012,140,0.0
2012,141,0.0
2012,142,0.0
2012,143,0.0
2012,144,0.0
2012,145,0.0
2012,146,0.0
2012,147,0.0
2012,148,0.0
2012,149,0.0
2012,150,0.0
2012,151,0.0
2012,152,0.0
2012,153,0.0
2012,154,0.0
2012,155,0.0
2012,156,0.0
2012,157,0.0
2012,158,0.0
2012,159,0.0
2012,160,0.0
2012,161,0.0
2012,162,0.0
2012,163,0.0
2012,164,0.0
2012,165,0.0
2012,166,0.0
2012,167,0.0
2012,168,0.0
2012,169,0.0
2012,170,0.0
2012,171,0.0
2012,172,0.0
2012,173,0.0
2012,174,0.0
2012,175,0.0
2012,176,0.0
2012,177,0.0
2012,178,0.0
2012,179,0.0
2012,180,0.0
2012,181,0.0
2012,182,0.0
2012,183,0.0
2012,184,0.0
2012,185,0.0
2012,186,0.0
2012,187,0.0
2012,188,0.0
2012,189,0.0
2012,190,0.0
2012,191,0.0
2012,192,0.0
2012,193,0.0
2012,194,0.0
2012,195,0.0
2012,196,0.0
2012,197,0.0
2012,198,0.0
2012,199,0.0
2012,200,0.0
2012,201,0.0
2012,202,0.0
2012,203,0.0
2012,204,0.0
2012,205,0.0
2012,206,0.0
2012,207,0.0
2012,208,0.0
2012,209,0.0
2012,210,0.0
2012,211,0.0
2012,212,0.0
2012,213,0.0
2012,214,0.0
2012,215,0.0
2012,216,0.0
2012,217,0.0
2012,218,0.0
2012,219,0.0
2012,220,0.0
2012,221,0.0
2012,222,0.0
2012,223,0.0
2012,224,0.0
2012,225,0.0
2012,226,0.0
2012,227,0.0
2012,228,0.0
2012,229,0.0
2012,230,0.0
2012,231,0.0
2012,232,0.0
2012,233,0.0
2012,234,0.0
2012,235,0.0
2012,236,0.0
2012,237,0.0
2012,238,0.0
2012,239,0.0
2012,240,0.0
2012,241,0.0
2012,242,0.0
2012,243,0.0
2012,244,0.0
2012,245,0.0
2012,246,0.0
2012,247,0.0
2012,248,0.0
2012,249,0.0
2012,250,0.0
2012,251,0.0
2012,252,0.0
2012,253,0.0
2012,254,0.0
2012,255,0.0
2012,256,0.0
2012,257,0.0
2012,258,0.0
2012,259,0.0
2012,260,0.0
2012,261,0.0
2012,262,0.0
2012,263,0.0
2012,264,0.0
2012,265,0.0
2012,266,0.0
2012,267,0.0
2012,268,0.0
2012,269,0.0
2012,270,0.0
2012,271,0.0
2012,272,0.0
2012,273,0.0
2012,274,0.0
2012,275,0.0
2012,276,0.0
2012,277,0.0
2012,278,0.0
2012,279,0.0
2012,280,0.0
2012,281,0.0
2012,282,0.0
2012,283,0.0
2012,284,0.0
2012,285,0.0
2012,286,0.0
2012,287,0.0
2012,288,0.0
2012,289,0.0
2012,290,0.0
2012,291,0.0
2012,292,0.0
2012,293,0.0
2012,294,0.0
2012,295,0.0
2012,296,0.0
2012,297,0.0
2012,298,0.0
2012,299,0.0
2012,300,0.0
2012,301,0.0
2012,302,0.0
2012,303,0.0
2012,304,0.0
2012,305,0.0
2012,306,0.0
2012,307,0.0
2012,308,0.0
2012,309,0.0
2012,310,0.0
2012,311,0.0
2012,312,0.0
2012,313,0.0
2012,314,0.0
2012,315,0.0
2012,316,0.0
2012,317,0.0
2012,318,0.0
2012,319,0.0
2012,320,0.0
2012,321,0.0
2012,322,0.0
2012,323,0.0
2012,324,0.0
2012,325,0.0
2012,326,0.0
2012,327,0.0
2012,328,0.0
2012,329,0.0
2012,330,0.0
2012,331,0.0
2012,332,0.0
2012,333,0.0
2012,334,0.0
2012,335,0.0
2012,336,0.0
2012,337,0.0
2012,338,0.0
2012,339,0.0
2012,340,0.0
2012,341,0.0
2012,342,0.0
2012,343,0.0
2012,344,0.0
2012,345,0.0
2012,346,0.0
2012,347,0.0
2012,348,0.0
2012,349,0.0
2012,350,0.0
2012,351,0.0
2012,352,0.0
2012,353,0.0
2012,354,0.0
2012,355,0.0
2012,356,0.0
2012,357,0.0
2012,358,0.0
2012,359,0.0
2012,360,0.0
2012,361,0.0
2012,362,0.0
2012,363,0.0
2012,364,0.0
2012,365,0.0
2012,366,0.0
2013,1,0.0
2013,2,0.0
2013,3,0.0
2013,4,0.0
2013,5,0.0
2013,6,0.0
2013,7,0.0
2013,8,0.0
2013,9,0.0
2013,10,0.0
2013,11,0.0
2013,12,0.0
2013,13,0.0
2013,14,0.0
2013,15,0.0
2013,16,0.0
2013,17,0.0
2013,18,0.0
2013,19,0.0
2013,20,0.0
2013,21,0.0
2013,22,0.0
2013,23,0.0
2013,24,0.0
2013,25,0.0
2013,26,0.0
2013,27,0.0
2013,28,0.0
2013,29,0.0
2013,30,0.0
2013,31,0.0
2013,32,0.0
2013,33,0.0
2013,34,0.0
2013,35,0.0
2013,36,0.0
2013,37,0.0
2013,38,0.0
2013,39,0.0
2013,40,0.0
2013,41,0.0
2013,42,0.0
2013,43,0.0
2013,44,0.0
2013,45,0.0
2013,46,0.0
2013,47,0.0
2013,48,0.0
2013,49,0.0
2013,50,0.0
2013,51,0.0
2013,52,0.0
2013,53,0.0
2013,54,0.0
2013,55,0.0
2013,56,0.0
2013,57,0.0
2013,58,0.0
2013,59,0.0
2013,60,0.0
2013,61,0.0
2013,62,0.0
2013,63,0.0
2013,64,0.0
2013,65,0.0
2013,66,0.0
2013,67,0.0
2013,68,0.0
2013,69,0.0
2013,70,0.0
2013,71,0.0
2013,72,0.0
2013,73,0.0
2013,74,0.0
2013,75,0.0
2013,76,0.0
2013,77,0.0
2013,78,0.0
2013,79,0.0
2013,80,0.0
2013,81,0.0
2013,82,0.0
2013,83,0.0
2013,84,0.0
2013,85,0.0
2013,86,0.0
2013,87,0.0
2013,88,0.0
2013,89,0.0
2013,90,0.0
2013,91,0.0
2013,92,0.0
2013,93,0.0
2013,94,0.0
2013,95,0.0
2013,96,0.0
2013,97,0.0
2013,98,0.0
2013,99,0.0
2013,100,0.0
2013,101,0.0
2013,102,0.0
2013,103,0.0
2013,104,0.0
2013,105,0.0
2013,106,0.0
2013,107,0.0
2013,108,0.0
2013,109,0.0
2013,110,0.0
2013,111,0.0
2013,112,0.0
2013,113,0.0
2013,114,0.0
2013,115,0.0
2013,116,0.0
2013,117,0.0
2013,118,0.0
2013,119,0.0
2013,120,0.0
2013,121,0.0
2013,122,0.0
2013,123,0.0
2013,124,0.0
2013,125,0.0
2013,126,0.0
2013,127,0.0
2013,128,0.0
2013,129,0.0
2013,130,0.0
2013,131,0.0
2013,132,0.0
2013,133,0.0
2013,134,0.0
2013,135,0.0
2013,136,0.0
2013,137,0.0
2013,138,0.0
2013,139,0.0
2013,140,0.0
2013,141,0.0
2013,142,0.0
2013,143,0.0
2013,144,0.0
2013,145,0.0
2013,146,0.0
2013,147,0.0
2013,148,0.0
2013,149,0.0
2013,150,0.0
2013,151,0.0
2013,152,0.0
2013,153,0.0
2013,154,0.0
2013,155,0.0
2013,156,0.0
2013,157,0.0
2013,158,0.0
2013,159,0.0
2013,160,0.0
2013,161,0.0
2013,162,0.0
2013,163,0.0
2013,164,0.0
2013,165,0.0
2013,166,0.0
2013,167,0.0
2013,168,0.0
2013,169,0.0
2013,170,0.0
2013,171,0.0
2013,172,0.0
2013,173,0.0
2013,174,0.0
2013,175,0.0
2013,176,0.0
2013,177,0.0
2013,178,0.0
2013,179,0.0
2013,180,0.0
2013,181,0.0
2013,182,0.0
2013,183,0.0
2013,184,0.0
2013,185,0.0
2013,186,0.0
2013,187,0.0
2013,188,0.0
2013,189,0.0
2013,190,0.0
2013,191,0.0
2013,192,0.0
2013,193,0.0
2013,194,0.0
2013,195,0.0
2013,196,0.0
2013,197,0.0
2013,198,0.0
2013,199,0.0
2013,200,0.0
2013,201,0.0
2013,202,0.0
2013,203,0.0
2013,204,0.0
2013,205,0.0
2013,206,0.0
2013,207,0.0
2013,208,0.0
2013,209,0.0
2013,210,0.0
2013,211,0.0
2013,212,0.0
2013,213,0.0
2013,214,0.0
2013,215,0.0
2013,216,0.0
2013,217,0.0
2013,218,0.0
2013,219,0.0
2013,220,0.0
2013,221,0.0
2013,222,0.0
2013,223,0.0
2013,224,0.0
2013,225,0.0
2013,226,0.0
2013,227,0.0
2013,228,0.0
2013,229,0.0
2013,230,0.0
2013,231,0.0
2013,232,0.0
2013,233,0.0
2013,234,0.0
2013,235,0.0
2013,236,0.0
2013,237,0.0
2013,238,0.0
2013,239,0.0
2013,240,0.0
2013,241,0.0
2013,242,0.0
2013,243,0.0
2013,244,0.0
2013,245,0.0
2013,246,0.0
2013,247,0.0
2013,248,0.0
2013,249,0.0
2013,250,0.0
2013,251,0.0
2013,252,0.0
2013,253,0.0
2013,254,0.0
2013,255,0.0
2013,256,0.0
2013,257,0.0
2013,258,0.0
2013,259,0.0
2013,260,0.0
2013,261,0.0
2013,262,0.0
2013,263,0.0
2013,264,0.0
2013,265,0.0
2013,266,0.0
2013,267,0.0
2013,268,0.0
2013,269,0.0
2013,270,0.0
2013,271,0.0
2013,272,0.0
2013,273,0.0
2013,274,0.0
2013,275,0.0
2013,276,0.0
2013,277,0.0
2013,278,0.0
2013,279,0.0
2013,280,0.0
2013,281,0.0
2013,282,0.0
2013,283,0.0
2013,284,0.0
2013,285,0.0
2013,286,0.0
2013,287,0.0
2013,288,0.0
2013,289,0.0
2013,290,0.0
2013,291,0.0
2013,292,0.0
2013,293,0.0
2013,294,0.0
2013,295,0.0
2013,296,0.0
2013,297,0.0
2013,298,0.0
2013,299,0.0
2013,300,0.0
2013,301,0.0
2013,302,0.0
2013,303,0.0
2013,304,0.0
2013,305,0.0
2013,306,0.0
2013,307,0.0
2013,308,0.0
2013,309,0.0
2013,310,0.0
2013,311,0.0
2013,312,0.0
2013,313,0.0
2013,314,0.0
2013,315,0.0
2013,316,0.0
2013,317,0.0
2013,318,0.0
2013,319,0.0
2013,320,0.0
2013,321,0.0
2013,322,0.0
2013,323,0.0
2013,324,0.0
2013,325,0.0
2013,326,0.0
2013,327,0.0
2013,328,0.0
2013,329,0.0
2013,330,0.0
2013,331,0.0
2013,332,0.0
2013,333,0.0
2013,334,0.0
2013,335,0.0
2013,336,0.0
2013,337,0.0
2013,338,0.0
2013,339,0.0
2013,340,0.0
2013,341,0.0
2013,342,0.0
2013,343,0.0
2013,344,0.0
2013,345,0.0
2013,346,0.0
2013,347,0.0
2013,348,0.0
2013,349,0.0
2013,350,0.0
2013,351,0.0
2013,352,0.0
2013,353,0.0
2013,354,0.0
2013,355,0.0
2013,356,0.0
2013,357,0.0
2013,358,0.0
2013,359,0.0
2013,360,0.0
2013,361,0.0
2013,362,0.0
2013,363,0.0
2013,364,0.0
2013,365,0.0
2014,1,0.0
2014,2,0.0
2014,3,0.0
2014,4,0.0
2014,5,0.0
2014,6,0.0
2014,7,0.0
2014,8,0.0
2014,9,0.0
2014,10,0.0
2014,11,0.0
2014,12,0.0
2014,13,0.0
2014,14,0.0
2014,15,0.0
2014,16,0.0
2014,17,0.0
2014,18,0.0
2014,19,0.0
2014,20,0.0
2014,21,0.0
2014,22,0.0
2014,23,0.0
2014,24,0.0
2014,25,0.0
2014,26,0.0
2014,27,0.0
2014,28,0.0
2014,29,0.0
2014,30,0.0
2014,31,0.0
2014,32,0.0
2014,33,0.0
2014,34,0.0
2014,35,0.0
2014,36,0.0
2014,37,0.0
2014,38,0.0
2014,39,0.0
2014,40,0.0
2014,41,0.0
2014,42,0.0
2014,43,0.0
2014,44,0.0
2014,45,0.0
2014,46,0.0
2014,47,0.0
2014,48,0.0
2014,49,0.0
2014,50,0.0
2014,51,0.0
2014,52,0.0
2014,53,0.0
2014,54,0.0
2014,55,0.0
2014,56,0.0
2014,57,0.0
2014,58,0.0
2014,59,0.0
2014,60,0.0
2014,61,0.0
2014,62,0.0
2014,63,0.0
2014,64,0.0
2014,65,0.0
2014,66,0.0
2014,67,0.0
2014,68,0.0
2014,69,0.0
2014,70,0.0
2014,71,0.0
2014,72,0.0
2014,73,0.0
2014,74,0.0
2014,75,0.0
2014,76,0.0
2014,77,0.0
2014,78,0.0
2014,79,0.0
2014,80,0.0
2014,81,0.0
2014,82,0.0
2014,83,0.0
2014,84,0.0
2014,85,0.0
2014,86,0.0
2014,87,0.0
2014,88,0.0
2014,89,0.0
2014,90,0.0
2014,91,0.0
2014,92,0.0
2014,93,0.0
2014,94,0.0
2014,95,0.0
2014,96,0.0
2014,97,0.0
2014,98,0.0
2014,99,0.0
2014,100,0.0
2014,101,0.0
2014,102,0.0
2014,103,0.0
2014,104,0.0
2014,105,0.0
2014,106,0.0
2014,107,0.0
2014,108,0.0
2014,109,0.0
2014,110,0.0
2014,111,0.0
2014,112,0.0
2014,113,0.0
2014,114,0.0
2014,115,0.0
2014,116,0.0
2014,117,0.0
2014,118,0.0
2014,119,0.0
2014,120,0.0
2014,121,0.0
2014,122,0.0
2014,123,0.0
2014,124,0.0
2014,125,0.0
2014,126,0.0
2014,127,0.0
2014,128,0.0
2014,129,0.0
2014,130,0.0
2014,131,0.0
2014,132,0.0
2014,133,0.0
2014,134,0.0
2014,135,0.0
2014,136,0.0
2014,137,0.0
2014,138,0.0
2014,139,0.0
2014,140,0.0
2014,141,0.0
2014,142,0.0
2014,143,0.0
2014,144,0.0
2014,145,0.0
2014,146,0.0
2014,147,0.0
2014,148,0.0
2014,149,0.0
2014,150,0.0
2014,151,0.0
2014,152,0.0
2014,153,0.0
2014,154,0.0
2014,155,0.0
2014,156,0.0
2014,157,0.0
2014,158,0.0
2014,159,0.0
2014,160,0.0
2014,161,0.0
2014,162,0.0
2014,163,0.0
2014,164,0.0
2014,165,0.0
2014,166,0.0
2014,167,0.0
2014,168,0.0
2014,169,0.0
2014,170,0.0
2014,171,0.0
2014,172,0.0
2014,173,0.0
2014,174,0.0
2014,175,0.0
2014,176,0.0
2014,177,0.0
2014,178,0.0
2014,179,0.0
2014,180,0.0
2014,181,0.0
2014,182,0.0
2014,183,0.0
2014,184,0.0
2014,185,0.0
2014,186,0.0
2014,187,0.0
2014,188,0.0
2014,189,0.0
2014,190,0.0
2014,191,0.0
2014,192,0.0
2014,193,0.0
2014,194,0.0
2014,195,0.0
2014,196,0.0
2014,197,0.0
2014,198,0.0
2014,199,0.0
2014,200,0.0
2014,201,0.0
2014,202,0.0
2014,203,0.0
2014,204,0.0
2014,205,0.0
2014,206,0.0
2014,207,0.0
2014,208,0.0
2014,209,0.0
2014,210,0.0
2014,211,0.0
2014,212,0.0
2014,213,0.0
2014,214,0.0
2014,215,0.0
2014,216,0.0
2014,217,0.0
2014,218,0.0
2014,219,0.0
2014,220,0.0
2014,221,0.0
2014,222,0.0
2014,223,0.0
2014,224,0.0
2014,225,0.0
2014,226,0.0
2014,227,0.0
2014,228,0.0
2014,229,0.0
2014,230,0.0
2014,231,0.0
2014,232,0.0
2014,233,0.0
2014,234,0.0
2014,235,0.0
2014,236,0.0
2014,237,0.0
2014,238,0.0
2014,239,0.0
2014,240,0.0
2014,241,0.0
2014,242,0.0
2014,243,0.0
2014,244,0.0
2014,245,0.0
2014,246,0.0
2014,247,0.0
2014,248,0.0
2014,249,0.0
2014,250,0.0
2014,251,0.0
2014,252,0.0
2014,253,0.0
2014,254,0.0
2014,255,0.0
2014,256,0.0
2014,257,0.0
2014,258,0.0
2014,259,0.0
2014,260,0.0
2014,261,0.0
2014,262,0.0
2014,263,0.0
2014,264,0.0
2014,265,0.0
2014,266,0.0
2014,267,0.0
2014,268,0.0
2014,269,0.0
2014,270,0.0
2014,271,0.0
2014,272,0.0
2014,273,0.0
2014,274,0.0
2014,275,0.0
2014,276,0.0
2014,277,0.0
2014,278,0.0
2014,279,0.0
2014,280,0.0
2014,281,0.0
2014,282,0.0
2014,283,0.0
2014,284,0.0
2014,285,0.0
2014,286,0.0
2014,287,0.0
2014,288,0.0
2014,289,0.0
2014,291,0.0
2014,292,0.0
2014,293,0.0
2014,294,0.0
2014,295,0.0
2014,296,0.0
2014,297,0.0
2014,298,0.0
2014,299,0.0
2014,300,0.0
2014,301,0.0
2014,302,0.0
2014,303,0.0
2014,304,0.0
2014,305,0.0
2014,306,0.0
2014,307,0.0
2014,308,0.0
2014,309,0.0
2014,310,0.0
2014,311,0.0
2014,312,0.0
2014,313,0.0
2014,314,0.0
2014,315,0.0
2014,316,0.0
2014,317,0.0
2014,318,0.0
2014,319,0.0
2014,320,0.0
2014,321,0.0
2014,322,0.0
2014,323,0.0
2014,324,0.0
2014,325,0.0
2014,326,0.0
2014,327,0.0
2014,328,0.0
2014,329,0.0
2014,330,0.0
2014,331,0.0
2014,332,0.0
2014,333,0.0
2014,334,0.0
2014,335,0.0
2014,336,0.0
2014,337,0.0
2014,338,0.0
2014,339,0.0
2014,340,0.0
2014,341,0.0
2014,342,0.0
2014,343,0.0
2014,344,0.0
2014,345,0.0
2014,346,0.0
2014,347,0.0
2014,348,0.0
2014,349,0.0
2014,350,0.0
2014,351,0.0
2014,352,0.0
2014,353,0.0
2014,354,0.0
2014,355,0.0
2014,356,0.0
2014,357,0.0
2014,358,0.0
2014,359,0.0
2014,360,0.0
2014,361,0.0
2014,362,0.0
2014,363,0.0
2014,364,0.0
2014,365,0.0
2015,1,0.0
2015,2,0.0
2015,3,0.0
2015,4,0.0
2015,5,0.0
2015,6,0.0
2015,7,0.0
2015,8,0.0
2015,9,0.0
2015,10,0.0
2015,11,0.0
2015,12,0.0
2015,13,0.0
2015,14,0.0
2015,15,0.0
2015,16,0.0
2015,17,0.0
2015,18,0.0
2015,19,0.0
2015,20,0.0
2015,21,0.0
2015,22,0.0
2015,23,0.0
2015,24,0.0
2015,25,0.0
2015,26,0.0
2015,27,0.0
2015,28,0.0
2015,29,0.0
2015,30,0.0
2015,31,0.0
2015,32,0.0
2015,33,0.0
2015,34,0.0
2015,35,0.0
2015,36,0.0
2015,37,0.0
2015,38,0.0
2015,39,0.0
2015,40,0.0
2015,41,0.0
2015,42,0.0
2015,43,0.0
2015,44,0.0
2015,45,0.0
2015,46,0.0
2015,47,0.0
2015,48,0.0
2015,49,0.0
2015,50,0.0
2015,51,0.0
2015,52,0.0
2015,53,0.0
2015,54,0.0
2015,55,0.0
2015,56,0.0
2015,57,0.0
2015,58,0.0
2015,59,0.0
2015,60,0.0
2015,61,0.0
2015,62,0.0
2015,63,0.0
2015,64,0.0
2015,65,0.0
2015,66,0.0
2015,67,0.0
2015,68,0.0
2015,69,0.0
2015,70,0.0
2015,71,0.0
2015,72,0.0
2015,73,0.0
2015,74,0.0
2015,75,0.0
2015,76,0.0
2015,77,0.0
2015,78,0.0
2015,79,0.0
2015,80,0.0
2015,81,0.0
2015,82,0.0
2015,83,0.0
2015,84,0.0
2015,85,0.0
2015,86,0.0
2015,87,0.0
2015,88,0.0
2015,89,0.0
2015,90,0.0
2015,91,0.0
2015,92,0.0
2015,93,0.0
2015,94,0.0
2015,95,0.0
2015,96,0.0
2015,97,0.0
2015,98,0.0
2015,99,0.0
2015,100,0.0
2015,101,0.0
2015,102,0.0
2015,103,0.0
2015,104,0.0
2015,105,0.0
2015,106,0.0
2015,107,0.0
2015,108,0.0
2015,109,0.0
2015,110,0.0
2015,111,0.0
2015,112,0.0
2015,113,0.0
2015,114,0.0
2015,115,0.0
2015,116,0.0
2015,117,0.0
2015,118,0.0
2015,119,0.0
2015,120,0.0
2015,121,0.0
2015,122,0.0
2015,123,0.0
2015,124,0.0
2015,125,0.0
2015,126,0.0
2015,127,0.0
2015,128,0.0
2015,129,0.0
2015,130,0.0
2015,131,0.0
2015,132,0.0
2015,133,0.0
2015,134,0.0
2015,135,0.0
2015,136,0.0
2015,137,0.0
2015,138,0.0
2015,139,0.0
2015,140,0.0
2015,141,0.0
2015,142,0.0
2015,143,0.0
2015,144,0.0
2015,145,0.0
2015,146,0.0
2015,147,0.0
2015,148,0.0
2015,149,0.0
2015,150,0.0
2015,151,0.0
2015,152,0.0
2015,153,0.0
2015,154,0.0
2015,155,0.0
2015,156,0.0
2015,157,0.0
2015,158,0.0
2015,159,0.0
2015,160,0.0
2015,161,0.0
2015,162,0.0
2015,163,0.0
2015,164,0.0
2015,165,0.0
2015,166,0.0
2015,167,0.0
2015,168,0.0
2015,169,0.0
2015,170,0.0
2015,171,0.0
2015,172,0.0
2015,173,0.0
2015,174,0.0
2015,175,0.0
2015,176,0.0
2015,177,0.0
2015,178,0.0
2015,179,0.0
2015,180,0.0
2015,181,0.0
2015,182,0.0
2015,183,0.0
2015,184,0.0
2015,185,0.0
2015,186,0.0
2015,187,0.0
2015,188,0.0
2015,189,0.0
2015,190,0.0
2015,191,0.0
2015,192,0.0
2015,193,0.0
2015,194,0.0
2015,195,0.0
2015,196,0.0
2015,197,0.0
2015,198,0.0
2015,199,0.0
2015,200,0.0
2015,201,0.0
2015,202,0.0
2015,203,0.0
2015,204,0.0
2015,205,0.0
2015,206,0.0
2015,207,0.0
2015,208,0.0
2015,209,0.0
2015,210,0.0
2015,211,0.0
2015,212,0.0
2015,213,0.0
2015,214,0.0
2015,215,0.0
2015,216,0.0
2015,217,0.0
2015,218,0.0
2015,219,0.0
2015,220,0.0
2015,221,0.0
2015,222,0.0
2015,223,0.0
2015,224,0.0
2015,225,0.0
2015,226,0.0
2015,227,0.0
2015,228,0.0
2015,229,0.0
2015,230,0.0
2015,231,0.0
2015,232,0.0
2015,233,0.0
2015,234,0.0
2015,235,0.0
2015,236,0.0
2015,237,0.0
2015,238,0.0
2015,239,0.0
2015,240,0.0
2015,241,0.0
2015,242,0.0
2015,243,0.0
2015,244,0.0
2015,245,0.0
2015,246,0.0
2015,247,0.0
2015,248,0.0
2015,249,0.0
2015,250,0.0
2015,251,0.0
2015,252,0.0
2015,253,0.0
2015,254,0.0
2015,255,0.0
2015,256,0.0
2015,257,0.0
2015,258,0.0
2015,259,0.0
2015,260,0.0
2015,261,0.0
2015,262,0.0
2015,263,0.0
2015,264,0.0
2015,265,0.0
2015,266,0.0
2015,267,0.0
2015,268,0.0
2015,269,0.0
2015,270,0.0
2015,271,0.0
2015,272,0.0
2015,273,0.0
2015,274,0.0
2015,275,0.0
2015,276,0.0
2015,277,0.0
2015,278,0.0
2015,279,0.0
2015,280,0.0
2015,281,0.0
2015,282,0.0
2015,283,0.0
2015,284,0.0
2015,285,0.0
2015,286,0.0
2015,287,0.0
2015,288,0.0
2015,289,0.0
2015,290,0.0
2015,291,0.0
2015,292,0.0
2015,293,0.0
2015,294,0.0
2015,295,0.0
2015,296,0.0
2015,297,0.0
2015,298,0.0
2015,299,0.0
2015,300,0.0
2015,301,0.0
2015,302,0.0
2015,303,0.0
2015,304,0.0
2015,305,0.0
2015,306,0.0
2015,307,0.0
2015,308,0.0
2015,309,0.0
2015,310,0.0
2015,311,0.0
2015,312,0.0
2015,313,0.0
2015,314,0.0
2015,315,0.0
2015,316,0.0
2015,317,0.0
2015,318,0.0
2015,319,0.0
2015,320,0.0
2015,321,0.0
2015,322,0.0
2015,323,0.0
2015,324,0.0
2015,325,0.0
2015,326,0.0
2015,327,0.0
2015,328,0.0
2015,329,0.0
2015,330,0.0
2015,331,0.0
2015,332,0.0
2015,333,0.0
2015,334,0.0
2015,335,0.0
2015,336,0.0
2015,337,0.0
2015,338,0.0
2015,339,0.0
2015,340,0.0
2015,341,0.0
2015,342,0.0
2015,343,0.0
2015,344,0.0
2015,345,0.0
2015,346,0.0
2015,347,0.0
2015,348,0.0
2015,349,0.0
2015,350,0.0
2015,351,0.0
2015,352,0.0
2015,353,0.0
2015,354,0.0
2015,355,0.0
2015,356,0.0
2015,357,0.0
2015,358,0.0
2015,359,0.0
2015,360,0.0
2015,361,0.0
2015,362,0.0
2015,363,0.0
2015,364,0.0
2015,365,0.0
2016,1,0.0
2016,2,0.0
2016,3,0.0
2016,4,0.0
2016,5,0.0
2016,6,0.0
2016,7,0.0
2016,8,0.0
2016,9,0.0
2016,10,0.0
2016,11,0.0
2016,12,0.0
2016,13,0.0
2016,14,0.0
2016,15,0.0
2016,16,0.0
2016,17,0.0
2016,18,0.0
2016,19,0.0
2016,20,0.0
2016,21,0.0
2016,22,0.0
2016,23,0.0
2016,24,0.0
2016,25,0.0
2016,26,0.0
2016,27,0.0
2016,28,0.0
2016,29,0.0
2016,30,0.0
2016,31,0.0
2016,32,0.0
2016,33,0.0
2016,34,0.0
2016,35,0.0
2016,36,0.0
2016,37,0.0
2016,38,0.0
2016,39,0.0
2016,40,0.0
2016,41,0.0
2016,42,0.0
2016,43,0.0
2016,44,0.0
2016,45,0.0
2016,46,0.0
2016,47,0.0
2016,48,0.0
2016,49,0.0
2016,50,0.0
2016,51,0.0
2016,52,0.0
2016,53,0.0
2016,54,0.0
2016,55,0.0
2016,56,0.0
2016,57,0.0
2016,58,0.0
2016,59,0.0
2016,60,0.0
2016,61,0.0
2016,62,0.0
2016,63,0.0
2016,64,0.0
2016,65,0.0
2016,66,0.0
2016,67,0.0
2016,68,0.0
2016,69,0.0
2016,70,0.0
2016,71,0.0
2016,72,0.0
2016,73,0.0
2016,74,0.0
2016,75,0.0
2016,76,0.0
2016,77,0.0
2016,78,0.0
2016,79,0.0
2016,80,0.0
2016,81,0.0
2016,82,0.0
2016,83,0.0
2016,84,0.0
2016,85,0.0
2016,86,0.0
2016,87,0.0
2016,88,0.0
2016,89,0.0
2016,90,0.0
2016,110,0.0
2016,111,0.0
2016,112,0.0
2016,113,0.0
2016,114,0.0
2016,115,0.0
2016,116,0.0
2016,117,0.0
2016,118,0.0
2016,119,0.0
2016,120,0.0
2016,121,0.0
2016,122,0.0
2016,123,0.0
2016,124,0.0
2016,125,0.0
2016,126,0.0
2016,127,0.0
2016,128,0.0
2016,129,0.0
2016,130,0.0
2016,131,0.0
2016,132,0.0
2016,133,0.0
2016,134,0.0
2016,135,0.0
2016,136,0.0
2016,137,0.0
2016,138,0.0
2016,139,0.0
2016,140,0.0
2016,141,0.0
2016,142,0.0
2016,143,0.0
2016,144,0.0
2016,145,0.0
2016,146,0.0
2016,147,0.0
2016,148,0.0
2016,149,0.0
2016,150,0.0
2016,151,0.0
2016,152,0.0
2016,153,0.0
2016,154,0.0
2016,155,0.0
2016,156,0.0
2016,157,0.0
2016,158,0.0
2016,159,0.0
2016,160,0.0
2016,161,0.0
2016,162,0.0
2016,163,0.0
2016,164,0.0
2016,165,0.0
2016,166,0.0
2016,167,0.0
2016,168,0.0
2016,169,0.0
2016,170,0.0
2016,171,0.0
2016,172,0.0
2016,173,0.0
2016,174,0.0
2016,175,0.0
2016,176,0.0
2016,177,0.0
2016,178,0.0
2016,179,0.0
2016,180,0.0
2016,181,0.0
2016,182,0.0
2016,183,0.0
2016,184,0.0
2016,185,0.0
2016,186,0.0
2016,187,0.0
2016,188,0.0
2016,189,0.0
2016,190,0.0
2016,191,0.0
2016,192,0.0
2016,193,0.0
2016,194,0.0
2016,195,0.0
2016,196,0.0
2016,197,0.0
2016,198,0.0
2016,199,0.0
2016,200,0.0
2016,201,0.0
2016,202,0.0
2016,203,0.0
2016,204,0.0
2016,205,0.0
2016,206,0.0
2016,207,0.0
2016,208,0.0
2016,209,0.0
2016,210,0.0
2016,211,0.0
2016,212,0.0
2016,213,0.0
2016,214,0.0
2016,215,0.0
2016,216,0.0
2016,217,0.0
2016,218,0.0
2016,219,0.0
2016,220,0.0
2016,221,0.0
2016,222,0.0
2016,223,0.0
2016,224,0.0
2016,225,0.0
2016,226,0.0
2016,227,0.0
2016,228,0.0
2016,229,0.0
2016,230,0.0
2016,231,0.0
2016,232,0.0
2016,233,0.0
2016,234,0.0
2016,235,0.0
2016,236,0.0
2016,237,0.0
2016,238,0.0
2016,239,0.0
2016,240,0.0
2016,241,0.0
2016,242,0.0
2016,243,0.0
2016,244,0.0
2016,245,0.0
2016,246,0.0
2016,247,0.0
2016,248,0.0
2016,249,0.0
2016,250,0.0
2016,251,0.0
2016,252,0.0
2016,253,0.0
2016,254,0.0
2016,255,0.0
2016,256,0.0
2016,257,0.0
2016,258,0.0
2016,259,0.0
2016,260,0.0
2016,261,0.0
2016,262,0.0
2016,263,0.0
2016,264,0.0
2016,265,0.0
2016,266,0.0
2016,267,0.0
2016,268,0.0
2016,269,0.0
2016,270,0.0
2016,271,0.0
2016,272,0.0
2016,273,0.0
2016,274,0.0
2016,275,0.0
2016,276,0.0
2016,277,0.0
2016,278,0.0
2016,279,0.0
2016,280,0.0
2016,281,0.0
2016,282,0.0
2016,283,0.0
2016,284,0.0
2016,285,0.0
2016,286,0.0
2016,287,0.0
2016,288,0.0
2016,289,0.0
2016,290,0.0
2016,291,0.0
2016,292,0.0
2016,293,0.0
2016,294,0.0
2016,295,0.0
2016,296,0.0
2016,297,0.0
2016,298,0.0
2016,299,0.0
2016,300,0.0
2016,301,0.0
2016,302,0.0
2016,303,0.0
2016,304,0.0
2016,305,0.0
2016,306,0.0
2016,307,0.0
2016,308,0.0
2016,309,0.0
2016,310,0.0
2016,311,0.0
2016,312,0.0
2016,313,0.0
2016,314,0.0
2016,315,0.0
2016,316,0.0
2016,317,0.0
2016,318,0.0
2016,319,0.0
2016,320,0.0
2016,321,0.0
2016,322,0.0
2016,323,0.0
2016,324,0.0
2016,325,0.0
2016,326,0.0
2016,327,0.0
2016,328,0.0
2016,329,0.0
2016,330,0.0
2016,331,0.0
2016,332,0.0
2016,333,0.0
2016,334,0.0
2016,335,0.0
2016,336,0.0
2016,337,0.0
2016,338,0.0
2016,339,0.0
2016,340,0.0
2016,341,0.0
2016,342,0.0
2016,343,0.0
2016,344,0.0
2016,345,0.0
2016,346,0.0
2016,347,0.0
2016,348,0.0
2016,349,0.0
2016,350,0.0
2016,351,0.0
2016,352,0.0
2016,353,0.0
2016,354,0.0
2016,355,0.0
2016,356,0.0
2016,357,0.0
2016,358,0.0
2016,359,0.0
2016,360,0.0
2016,361,0.0
2016,362,0.0
2016,363,0.0
2016,364,0.0
2016,365,0.0
2016,366,0.0
2017,1,0.0
2017,2,0.0
2017,3,0.0
2017,4,0.0
2017,5,0.0
2017,6,0.0
2017,7,0.0
2017,8,0.0
2017,9,0.0
2017,10,0.0
2017,11,0.0
2017,12,0.0
2017,13,0.0
2017,14,0.0
2017,15,0.0
2017,16,0.0
2017,17,0.0
2017,18,0.0
2017,19,0.0
2017,20,0.0
2017,21,0.0
2017,22,0.0
2017,23,0.0
2017,24,0.0
2017,25,0.0
2017,26,0.0
2017,27,0.0
2017,28,0.0
2017,29,0.0
2017,30,0.0
2017,31,0.0
2017,32,0.0
2017,33,0.0
2017,34,0.0
2017,35,0.0
2017,36,0.0
2017,37,0.0
2017,38,0.0
2017,39,0.0
2017,40,0.0
2017,41,0.0
2017,42,0.0
2017,43,0.0
2017,44,0.0
2017,45,0.0
2017,46,0.0
2017,47,0.0
2017,48,0.0
2017,49,0.0
2017,50,0.0
2017,51,0.0
2017,52,0.0
2017,53,0.0
2017,54,0.0
2017,55,0.0
2017,56,0.0
2017,57,0.0
2017,58,0.0
2017,59,0.0
2017,60,0.0
2017,61,0.0
2017,62,0.0
2017,63,0.0
2017,64,0.0
2017,65,0.0
2017,66,0.0
2017,67,0.0
2017,68,0.0
2017,69,0.0
2017,70,0.0
2017,71,0.0
2017,72,0.0
2017,73,0.0
2017,74,0.0
2017,75,0.0
2017,76,0.0
2017,77,0.0
2017,78,0.0
2017,79,0.0
2017,80,0.0
2017,81,0.0
2017,82,0.0
2017,83,0.0
2017,84,0.0
2017,85,0.0
2017,86,0.0
2017,87,0.0
2017,88,0.0
2017,89,0.0
2017,90,0.0
2017,91,0.0
2017,92,0.0
2017,93,0.0
2017,94,0.0
2017,95,0.0
2017,96,0.0
2017,97,0.0
2017,98,0.0
2017,99,0.0
2017,100,0.0
2017,101,0.0
2017,102,0.0
2017,103,0.0
2017,104,0.0
2017,105,0.0
2017,106,0.0
2017,107,0.0
2017,108,0.0
2017,109,0.0
2017,110,0.0
2017,111,0.0
2017,112,0.0
2017,113,0.0
2017,114,0.0
2017,115,0.0
2017,116,0.0
2017,117,0.0
2017,118,0.0
2017,119,0.0
2017,120,0.0
2017,121,0.0
2017,122,0.0
2017,123,0.0
2017,124,0.0
2017,125,0.0
2017,126,0.0
2017,127,0.0
2017,128,0.0
2017,129,0.0
2017,130,0.0
2017,131,0.0
2017,132,0.0
2017,133,0.0
2017,134,0.0
2017,135,0.0
2017,136,0.0
2017,137,0.0
2017,138,0.0
2017,139,0.0
2017,140,0.0
2017,141,0.0
2017,142,0.0
2017,143,0.0
2017,144,0.0
2017,145,0.0
2017,146,0.0
2017,147,0.0
2017,148,0.0
2017,149,0.0
2017,150,0.0
2017,151,0.0
2017,152,0.0
2017,153,0.0
2017,154,0.0
2017,155,0.0
2017,156,0.0
2017,157,0.0
2017,158,0.0
2017,159,0.0
2017,160,0.0
2017,161,0.0
2017,162,0.0
2017,163,0.0
2017,164,0.0
2017,165,0.0
2017,166,0.0
2017,167,0.0
2017,168,0.0
2017,169,0.0
2017,170,0.0
2017,171,0.0
2017,172,0.0
2017,173,0.0
2017,174,0.0
2017,175,0.0
2017,176,0.0
2017,177,0.0
2017,178,0.0
2017,179,0.0
2017,180,0.0
2017,181,0.0
2017,182,0.0
2017,183,0.0
2017,184,0.0
2017,185,0.0
2017,186,0.0
2017,187,0.0
2017,188,0.0
2017,189,0.0
2017,190,0.0
2017,191,0.0
2017,192,0.0
2017,193,0.0
2017,194,0.0
2017,195,0.0
2017,196,0.0
2017,197,0.0
2017,198,0.0
2017,199,0.0
2017,200,0.0
2017,201,0.0
2017,202,0.0
2017,203,0.0
2017,204,0.0
2017,205,0.0
2017,206,0.0
2017,207,0.0
2017,208,0.0
2017,209,0.0
2017,210,0.0
2017,211,0.0
2017,212,0.0
2017,213,0.0
2017,214,0.0
2017,215,0.0
2017,216,0.0
2017,217,0.0
2017,218,0.0
2017,219,0.0
2017,220,0.0
2017,221,0.0
2017,222,0.0
2017,223,0.0
2017,224,0.0
2017,225,0.0
2017,226,0.0
2017,227,0.0
2017,228,0.0
2017,229,0.0
2017,230,0.0
2017,231,0.0
2017,232,0.0
2017,233,0.0
2017,234,0.0
2017,235,0.0
2017,236,0.0
2017,237,0.0
2017,238,0.0
2017,239,0.0
2017,240,0.0
2017,241,0.0
2017,242,0.0
2017,243,0.0
2017,244,0.0
2017,245,0.0
2017,246,0.0
2017,247,0.0
2017,248,0.0
2017,249,0.0
2017,250,0.0
2017,251,0.0
2017,252,0.0
2017,253,0.0
2017,254,0.0
2017,255,0.0
2017,256,0.0
2017,257,0.0
2017,258,0.0
2017,259,0.0
2017,260,0.0
2017,261,0.0
2017,262,0.0
2017,263,0.0
2017,264,0.0
2017,265,0.0
2017,266,0.0
2017,267,0.0
2017,268,0.0
2017,269,0.0
2017,270,0.0
2017,271,0.0
2017,272,0.0
2017,273,0.0
2017,274,0.0
2017,275,0.0
2017,276,0.0
2017,277,0.0
2017,278,0.0
2017,279,0.0
2017,280,0.0
2017,281,0.0
2017,282,0.0
2017,283,0.0
2017,284,0.0
2017,285,0.0
2017,286,0.0
2017,287,0.0
2017,288,0.0
2017,289,0.0
2017,290,0.0
2017,291,0.0
2017,292,0.0
2017,293,0.0
2017,294,0.0
2017,295,0.0
2017,296,0.0
2017,297,0.0
2017,298,0.0
2017,299,0.0
2017,300,0.0
2017,301,0.0
2017,302,0.0
2017,303,0.0
2017,304,0.0
2017,305,0.0
2017,306,0.0
2017,307,0.0
2017,308,0.0
2017,309,0.0
2017,310,0.0
2017,311,0.0
2017,312,0.0
2017,313,0.0
2017,314,0.0
2017,315,0.0
2017,316,0.0
2017,317,0.0
2017,318,0.0
2017,319,0.0
2017,320,0.0
2017,321,0.0
2017,322,0.0
2017,323,0.0
2017,324,0.0
2017,325,0.0
2017,326,0.0
2017,327,0.0
2017,328,0.0
2017,329,0.0
2017,330,0.0
2017,331,0.0
2017,332,0.0
2017,333,0.0
2017,334,0.0
2017,335,0.0
2017,336,0.0
2017,337,0.0
2017,338,0.0
2017,339,0.0
2017,340,0.0
2017,341,0.0
2017,342,0.0
2017,343,0.0
2017,344,0.0
2017,345,0.0
2017,346,0.0
2017,347,0.0
2017,348,0.0
2017,349,0.0
2017,350,0.0
2017,351,0.0
2017,352,0.0
2017,353,0.0
2017,354,0.0
2017,355,0.0
2017,356,0.0
2017,357,0.0
2017,358,0.0
2017,359,0.0
2017,360,0.0
2017,361,0.0
2017,362,0.0
2017,363,0.0
2017,364,0.0
2017,365,0.0
2018,1,0.0
2018,2,0.0
2018,3,0.0
2018,4,0.0
2018,5,0.0
2018,6,0.0
2018,7,0.0
2018,8,0.0
2018,9,0.0
2018,10,0.0
2018,11,0.0
2018,12,0.0
2018,13,0.0
2018,14,0.0
2018,15,0.0
2018,16,0.0
2018,17,0.0
2018,18,0.0
2018,19,0.0
2018,20,0.0
2018,21,0.0
2018,22,0.0
2018,23,0.0
2018,24,0.0
2018,25,0.0
2018,26,0.0
2018,27,0.0
2018,28,0.0
2018,29,0.0
2018,30,0.0
2018,31,0.0
2018,32,0.0
2018,33,0.0
2018,34,0.0
2018,35,0.0
2018,36,0.0
2018,37,0.0
2018,38,0.0
2018,39,0.0
2018,40,0.0
2018,41,0.0
2018,42,0.0
2018,43,0.0
2018,44,0.0
2018,45,0.0
2018,46,0.0
2018,47,0.0
2018,48,0.0
2018,49,0.0
2018,50,0.0
2018,51,0.0
2018,52,0.0
2018,53,0.0
2018,54,0.0
2018,55,0.0
2018,56,0.0
2018,57,0.0
2018,58,0.0
2018,59,0.0
2018,60,0.0
2018,61,0.0
2018,62,0.0
2018,63,0.0
2018,64,0.0
2018,65,0.0
2018,66,0.0
2018,67,0.0
2018,68,0.0
2018,69,0.0
2018,70,0.0
2018,71,0.0
2018,72,0.0
2018,73,0.0
2018,74,0.0
2018,75,0.0
2018,76,0.0
2018,77,0.0
2018,78,0.0
2018,79,0.0
2018,80,0.0
2018,81,0.0
2018,82,0.0
2018,83,0.0
2018,84,0.0
2018,85,0.0
2018,86,0.0
2018,87,0.0
2018,88,0.0
2018,89,0.0
2018,90,0.0
2018,91,0.0
2018,92,0.0
2018,93,0.0
2018,94,0.0
2018,95,0.0
2018,96,0.0
2018,97,0.0
2018,98,0.0
2018,99,0.0
2018,100,0.0
2018,101,0.0
2018,102,0.0
2018,103,0.0
2018,104,0.0
2018,105,0.0
2018,106,0.0
2018,107,0.0
2018,108,0.0
2018,109,0.0
2018,110,0.0
2018,111,0.0
2018,112,0.0
2018,113,0.0
2018,114,0.0
2018,115,0.0
2018,116,0.0
2018,117,0.0
2018,118,0.0
2018,119,0.0
2018,120,0.0
2018,121,0.0
2018,122,0.0
2018,123,0.0
2018,124,0.0
2018,125,0.0
2018,126,0.0
2018,127,0.0
2018,128,0.0
2018,129,0.0
2018,130,0.0
2018,131,0.0
2018,132,0.0
2018,133,0.0
2018,134,0.0
2018,135,0.0
2018,136,0.0
2018,137,0.0
2018,138,0.0
2018,139,0.0
2018,140,0.0
2018,141,0.0
2018,142,0.0
2018,143,0.0
2018,144,0.0
2018,145,0.0
2018,146,0.0
2018,147,0.0
2018,148,0.0
2018,149,0.0
2018,150,0.0
2018,151,0.0
2018,152,0.0
2018,153,0.0
2018,155,0.0
2018,156,0.0
2018,157,0.0
2018,158,0.0
2018,159,0.0
2018,160,0.0
2018,161,0.0
2018,186,0.0
2018,194,0.0
2018,195,0.0
2018,196,0.0
2018,197,0.0
2018,198,0.0
2018,199,0.0
2018,200,0.0
2018,205,0.0
2018,791,0.0
2018,792,0.0
2018,793,0.0
2018,279,0.0
2018,951,0.0
2018,952,0.0
2018,953,0.0
2018,295,0.0
2018,961,0.0
2018,962,0.0
2018,963,0.0
2018,296,0.0
2018,335,0.0
2018,353,0.0
2018,354,0.0
2018,355,0.0
2018,356,0.0
2018,357,0.0
2018,358,0.0
2018,359,0.0
2018,360,0.0
2018,361,0.0
2018,362,0.0
2018,363,0.0
2018,364,0.0
2018,365,0.0
2019,1,0.0
2019,2,0.0
2019,3,0.0
2019,4,0.0
2019,5,0.0
2019,6,0.0
2019,7,0.0
2019,8,0.0
2019,9,0.0
2019,10,0.0
2019,11,0.0
2019,12,0.0
2019,13,0.0
2019,14,0.0
2019,15,0.0
2019,16,0.0
2019,17,0.0
2019,18,0.0
2019,19,0.0
2019,20,0.0
2019,21,0.0
2019,22,0.0
2019,23,0.0
2019,24,0.0
2019,25,0.0
2019,26,0.0
2019,27,0.0
2019,28,0.0
2019,29,0.0
2019,30,0.0
2019,31,0.0
2019,32,0.0
2019,33,0.0
2019,34,0.0
2019,35,0.0
2019,36,0.0
2019,37,0.0
2019,38,0.0
2019,39,0.0
2019,40,0.0
2019,41,0.0
2019,42,0.0
2019,43,0.0
2019,44,0.0
2019,45,0.0
2019,46,0.0
2019,47,0.0
2019,48,0.0
2019,49,0.0
2019,50,0.0
2019,51,0.0
2019,52,0.0
2019,53,0.0
2019,54,0.0
2019,55,0.0
2019,56,0.0
2019,57,0.0
2019,58,0.0
2019,59,0.0
2019,60,0.0
2019,61,0.0
2019,62,0.0
2019,63,0.0
2019,64,0.0
2019,65,0.0
2019,66,0.0
2019,67,0.0
2019,68,0.0
2019,69,0.0
2019,70,0.0
2019,71,0.0
2019,72,0.0
2019,73,0.0
2019,74,0.0
2019,75,0.0
2019,76,0.0
2019,77,0.0
2019,78,0.0
2019,79,0.0
2019,80,0.0
2019,81,0.0
2019,82,0.0
2019,83,0.0
2019,84,0.0
2019,85,0.0
2019,86,0.0
2019,87,0.0
2019,88,0.0
2019,89,0.0
2019,90,0.0
2019,91,0.0
2019,92,0.0
2019,93,0.0
2019,94,0.0
2019,95,0.0
2019,96,0.0
2019,97,0.0
2019,98,0.0
2019,99,0.0
2019,100,0.0
2019,101,0.0
2019,102,0.0
2019,103,0.0
2019,104,0.0
2019,105,0.0
2019,106,0.0
2019,107,0.0
2019,108,0.0
2019,109,0.0
2019,110,0.0
2019,111,0.0
2019,112,0.0
2019,113,0.0
2019,114,0.0
2019,115,0.0
2019,116,0.0
2019,117,0.0
2019,118,0.0
2019,119,0.0
2019,120,0.0
2019,121,0.0
2019,122,0.0
2019,123,0.0
2019,124,0.0
2019,125,0.0
2019,126,0.0
2019,127,0.0
2019,128,0.0
2019,129,0.0
2019,130,0.0
2019,131,0.0
2019,132,0.0
2019,133,0.0
2019,134,0.0
2019,135,0.0
2019,136,0.0
2019,137,0.0
2019,138,0.0
2019,139,0.0
2019,140,0.0
2019,141,0.0
2019,142,0.0
2019,143,0.0
2019,144,0.0
2019,145,0.0
2019,146,0.0
2019,147,0.0
2019,148,0.0
2019,149,0.0
2019,150,0.0
2019,151,0.0
2019,152,0.0
2019,153,0.0
2019,154,0.0
2019,155,0.0
2019,156,0.0
2019,157,0.0
2019,158,0.0
2019,159,0.0
2019,160,0.0
2019,161,0.0
2019,162,0.0
2019,163,0.0
2019,164,0.0
2019,165,0.0
2019,166,0.0
2019,167,0.0
2019,168,0.0
2019,169,0.0
2019,170,0.0
2019,171,0.0
2019,172,0.0
2019,173,0.0
2019,174,0.0
2019,175,0.0
2019,176,0.0
2019,177,0.0
2019,178,0.0
2019,179,0.0
2019,180,0.0
2019,181,0.0
2019,182,0.0
2019,183,0.0
2019,184,0.0
2019,185,0.0
2019,186,0.0
2019,187,0.0
2019,188,0.0
2019,189,0.0
2019,190,0.0
2019,191,0.0
2019,192,0.0
2019,193,0.0
2019,194,0.0
2019,195,0.0
2019,196,0.0
2019,197,0.0
2019,198,0.0
2019,199,0.0
2019,200,0.0
2019,201,0.0
2019,202,0.0
2019,203,0.0
2019,204,0.0
2019,205,0.0
2019,206,0.0
2019,207,0.0
2019,208,0.0
2019,209,0.0
2019,210,0.0
2019,211,0.0
2019,212,0.0
2019,213,0.0
2019,214,0.0
2019,215,0.0
2019,216,0.0
2019,217,0.0
2019,218,0.0
2019,219,0.0
2019,220,0.0
2019,221,0.0
2019,222,0.0
2019,223,0.0
2019,224,0.0
2019,225,0.0
2019,226,0.0
2019,227,0.0
2019,228,0.0
2019,229,0.0
2019,230,0.0
2019,231,0.0
2019,232,0.0
2019,233,0.0
2019,234,0.0
2019,235,0.0
2019,236,0.0
2019,237,0.0
2019,238,0.0
2019,239,0.0
2019,240,0.0
2019,241,0.0
2019,242,0.0
2019,243,0.0
2019,244,0.0
2019,245,0.0
2019,246,0.0
2019,247,0.0
2019,248,0.0
2019,249,0.0
2019,250,0.0
2019,251,0.0
2019,252,0.0
2019,253,0.0
2019,254,0.0
2019,255,0.0
2019,256,0.0
2019,257,0.0
2019,258,0.0
2019,259,0.0
2019,260,0.0
2019,261,0.0
2019,262,0.0
2019,263,0.0
2019,264,0.0
2019,265,0.0
2019,266,0.0
2019,267,0.0
2019,268,0.0
2019,269,0.0
2019,270,0.0
2019,271,0.0
2019,272,0.0
2019,273,0.0
2019,274,0.0
2019,275,0.0
2019,276,0.0
2019,277,0.0
2019,278,0.0
2019,279,0.0
2019,280,0.0
2019,281,0.0
2019,282,0.0
2019,283,0.0
2019,284,0.0
2019,285,0.0
2019,286,0.0
2019,287,0.0
2019,288,0.0
2019,289,0.0
2019,290,0.0
2019,291,0.0
2019,292,0.0
2019,293,0.0
2019,294,0.0
2019,295,0.0
2019,296,0.0
2019,297,0.0
2019,298,0.0
2019,299,0.0
2019,300,0.0
2019,301,0.0
2019,302,0.0
2019,303,0.0
2019,304,0.0
2019,305,0.0
2019,306,0.0
2019,307,0.0
2019,308,0.0
2019,309,0.0
2019,310,0.0
2019,311,0.0
2019,312,0.0
2019,313,0.0
2019,314,0.0
2019,315,0.0
2019,316,0.0
2019,317,0.0
2019,318,0.0
2019,319,0.0
2019,320,0.0
2019,321,0.0
2019,322,0.0
2019,323,0.0
2019,324,0.0
2019,325,0.0
2019,326,0.0
2019,327,0.0
2019,328,0.0
2019,329,0.0
2019,330,0.0
2019,331,0.0
2019,332,0.0
2019,333,0.0
2019,334,0.0
2019,335,0.0
2019,336,0.0
2019,337,0.0
2019,338,0.0
2019,339,0.0
2019,340,0.0
2019,341,0.0
2019,342,0.0
2019,343,0.0
2019,344,0.0
2019,345,0.0
2019,346,0.0
2019,347,0.0
2019,348,0.0
2019,349,0.0
2019,350,0.0
2019,351,0.0
2019,352,0.0
2019,353,0.0
2019,354,0.0
2019,355,0.0
2019,356,0.0
2019,357,0.0
2019,358,0.0
2019,359,0.0
2019,360,0.0
2019,361,0.0
2019,362,0.0
2019,363,0.0
2019,364,0.0
2019,365,0.0
2020,1,0.0
2020,2,0.0
2020,3,0.0
2020,4,0.0
2020,5,0.0
2020,6,0.0
2020,7,0.0
2020,8,0.0
2020,9,0.0
2020,10,0.0
2020,11,0.0
2020,12,0.0
2020,13,0.0
2020,14,0.0
2020,15,0.0
2020,16,0.0
2020,17,0.0
2020,18,0.0
2020,19,0.0
2020,20,0.0
2020,21,0.0
2020,22,0.0
2020,23,0.0
2020,24,0.0
2020,25,0.0
2020,26,0.0
2020,27,0.0
2020,28,0.0
2020,29,0.0
2020,30,0.0
2020,31,0.0
2020,32,0.0
2020,33,0.0
2020,34,0.0
2020,35,0.0
2020,36,0.0
2020,37,0.0
2020,38,0.0
2020,39,0.0
2020,40,0.0
2020,41,0.0
2020,42,0.0
2020,43,0.0
2020,44,0.0
2020,45,0.0
2020,46,0.0
2020,47,0.0
2020,48,0.0
2020,49,0.0
2020,50,0.0
2020,51,0.0
2020,52,0.0
2020,53,0.0
2020,54,0.0
2020,55,0.0
2020,56,0.0
2020,57,0.0
2020,58,0.0
2020,59,0.0
2020,60,0.0
2020,61,0.0
2020,62,0.0
2020,63,0.0
2020,64,0.0
2020,65,0.0
2020,66,0.0
2020,67,0.0
2020,68,0.0
2020,69,0.0
2020,70,0.0
2020,71,0.0
2020,72,0.0
2020,73,0.0
2020,74,0.0
2020,75,0.0
2020,76,0.0
2020,77,0.0
2020,78,0.0
2020,79,0.0
2020,80,0.0
2020,81,0.0
2020,82,0.0
2020,83,0.0
2020,84,0.0
2020,85,0.0
2020,86,0.0
2020,87,0.0
2020,88,0.0
2020,89,0.0
2020,90,0.0
2020,91,0.0
2020,92,0.0
2020,93,0.0
2020,94,0.0
2020,95,0.0
2020,96,0.0
2020,97,0.0
2020,98,0.0
2020,99,0.0
2020,100,0.0
2020,101,0.0
2020,102,0.0
2020,103,0.0
2020,104,0.0
2020,105,0.0
2020,106,0.0
2020,107,0.0
2020,108,0.0
2020,109,0.0
2020,110,0.0
2020,111,0.0
2020,112,0.0
2020,113,0.0
2020,114,0.0
2020,115,0.0
2020,116,0.0
2020,117,0.0
2020,118,0.0
2020,119,0.0
2020,120,0.0
2020,121,0.0
2020,122,0.0
2020,123,0.0
2020,124,0.0
2020,125,0.0
2020,126,0.0
2020,127,0.0
2020,128,0.0
2020,129,0.0
2020,130,0.0
2020,131,0.0
2020,132,0.0
2020,133,0.0
2020,134,0.0
2020,135,0.0
2020,136,0.0
2020,137,0.0
2020,138,0.0
2020,139,0.0
2020,140,0.0
2020,141,0.0
2020,142,0.0
2020,143,0.0
2020,144,0.0
2020,145,0.0
2020,146,0.0
2020,147,0.0
2020,148,0.0
2020,149,0.0
2020,150,0.0
2020,151,0.0
2020,152,0.0
2020,153,0.0
2020,154,0.0
2020,155,0.0
2020,156,0.0
2020,157,0.0
2020,158,0.0
2020,159,0.0
2020,160,0.0
2020,161,0.0
2020,162,0.0
2020,163,0.0
2020,164,0.0
2020,165,0.0
2020,166,0.0
2020,167,0.0
2020,168,0.0
2020,169,0.0
2020,170,0.0
2020,171,0.0
2020,172,0.0
2020,173,0.0
2020,174,0.0
2020,175,0.0
2020,176,0.0
2020,177,0.0
2020,178,0.0
2020,179,0.0
2020,180,0.0
2020,181,0.0
2020,182,0.0
2020,183,0.0
2020,184,0.0
2020,185,0.0
2020,186,0.0
2020,187,0.0
2020,188,0.0
2020,189,0.0
2020,190,0.0
2020,191,0.0
2020,192,0.0
2020,193,0.0
2020,194,0.0
2020,195,0.0
2020,196,0.0
2020,197,0.0
2020,198,0.0
2020,199,0.0
2020,200,0.0
2020,201,0.0
2020,202,0.0
2020,203,0.0
2020,204,0.0
2020,205,0.0
2020,206,0.0
2020,207,0.0
2020,208,0.0
2020,209,0.0
2020,210,0.0
2020,211,0.0
2020,212,0.0
2020,213,0.0
2020,214,0.0
2020,215,0.0
2020,216,0.0
2020,217,0.0
2020,218,0.0
2020,219,0.0
2020,220,0.0
2020,221,0.0
2020,222,0.0
2020,223,0.0
2020,224,0.0
2020,225,0.0
2020,226,0.0
2020,227,0.0
2020,228,0.0
2020,229,0.0
2020,230,0.0
2020,231,0.0
2020,232,0.0
2020,233,0.0
2020,234,0.0
2020,235,0.0
2020,236,0.0
2020,237,0.0
2020,238,0.0
2020,239,0.0
2020,240,0.0
2020,241,0.0
2020,242,0.0
2020,243,0.0
2020,244,0.0
2020,245,0.0
2020,246,0.0
2020,247,0.0
2020,248,0.0
2020,249,0.0
2020,250,0.0
2020,251,0.0
2020,252,0.0
2020,253,0.0
2020,254,0.0
2020,255,0.0
2020,256,0.0
2020,257,0.0
2020,258,0.0
2020,259,0.0
2020,260,0.0
2020,261,0.0
2020,262,0.0
2020,263,0.0
2020,264,0.0
2020,265,0.0
2020,266,0.0
2020,267,0.0
2020,268,0.0
2020,269,0.0
2020,270,0.0
2020,271,0.0
2020,272,0.0
2020,273,0.0
2020,274,0.0
2020,275,0.0
2020,276,0.0
2020,277,0.0
2020,278,0.0
2020,279,0.0
2020,280,0.0
2020,281,0.0
2020,282,0.0
2020,283,0.0
2020,284,0.0
2020,285,0.0
2020,286,0.0
2020,287,0.0
2020,288,0.0
2020,289,0.0
2020,290,0.0
2020,291,0.0
2020,292,0.0
2020,293,0.0
2020,294,0.0
2020,295,0.0
2020,296,0.0
2020,297,0.0
2020,298,0.0
2020,299,0.0
2020,300,0.0
2020,301,0.0
2020,302,0.0
2020,303,0.0
2020,304,0.0
2020,305,0.0
2020,306,0.0
2020,307,0.0
2020,308,0.0
2020,309,0.0
2020,310,0.0
2020,311,0.0
2020,312,0.0
2020,313,0.0
2020,314,0.0
2020,315,0.0
2020,316,0.0
2020,317,0.0
2020,318,0.0
2020,319,0.0
2020,320,0.0
2020,321,0.0
2020,322,0.0
2020,323,0.0
2020,324,0.0
2020,325,0.0
2020,326,0.0
2020,327,0.0
2020,328,0.0
2020,329,0.0
2020,330,0.0
2020,331,0.0
2020,332,0.0
2020,333,0.0
2020,334,0.0
2020,335,0.0
2020,336,0.0
2020,337,0.0
2020,338,0.0
2020,339,0.0
2020,340,0.0
2020,341,0.0
2020,342,0.0
2020,343,0.0
2020,344,0.0
2020,345,0.0
2020,346,0.0
2020,347,0.0
2020,348,0.0
2020,349,0.0
2020,350,0.0
2020,351,0.0
2020,352,0.0
2020,353,0.0
2020,354,0.0
2020,355,0.0
2020,356,0.0
2020,357,0.0
2020,358,0.0
2020,359,0.0
2020,360,0.0
2020,361,0.0
2020,362,0.0
2020,363,0.0
2020,364,0.0
2020,365,0.0
2020,366,0.0
2021,1,0.0
2021,2,0.0
2021,3,0.0
2021,4,0.0
2021,5,0.0
2021,6,0.0
2021,7,0.0
2021,8,0.0
2021,9,0.0
2021,10,0.0
2021,11,0.0
2021,12,0.0
2021,13,0.0
2021,14,0.0
2021,15,0.0
2021,16,0.0
2021,17,0.0
2021,18,0.0
2021,19,0.0
2021,20,0.0
2021,21,0.0
2021,22,0.0
2021,23,0.0
2021,24,0.0
2021,25,0.0
2021,26,0.0
2021,27,0.0
2021,28,0.0
2021,29,0.0
2021,30,0.0
2021,31,0.0
2021,32,0.0
2021,33,0.0
2021,34,0.0
2021,35,0.0
2021,36,0.0
2021,37,0.0
2021,38,0.0
2021,39,0.0
2021,40,0.0
2021,41,0.0
2021,42,0.0
2021,43,0.0
2021,44,0.0
2021,45,0.0
2021,46,0.0
2021,47,0.0
2021,48,0.0
2021,49,0.0
2021,50,0.0
2021,51,0.0
2021,52,0.0
2021,53,0.0
2021,54,0.0
2021,55,0.0
2021,56,0.0
2021,57,0.0
2021,58,0.0
2021,59,0.0
2021,60,0.0
2021,61,0.0
2021,62,0.0
2021,63,0.0
2021,64,0.0
2021,65,0.0
2021,66,0.0
2021,67,0.0
2021,68,0.0
2021,69,0.0
2021,70,0.0
2021,71,0.0
2021,72,0.0
2021,73,0.0
2021,74,0.0
2021,75,0.0
2021,76,0.0
2021,77,0.0
2021,78,0.0
2021,79,0.0
2021,80,0.0
2021,81,0.0
2021,82,0.0
2021,83,0.0
2021,84,0.0
2021,85,0.0
2021,86,0.0
2021,87,0.0
2021,88,0.0
2021,89,0.0
2021,90,0.0
2021,91,0.0
2021,92,0.0
2021,93,0.0
2021,94,0.0
2021,95,0.0
2021,96,0.0
2021,97,0.0
2021,98,0.0
2021,99,0.0
2021,100,0.0
2021,101,0.0
2021,102,0.0
2021,103,0.0
2021,104,0.0
2021,105,0.0
2021,106,0.0
2021,107,0.0
2021,108,0.0
2021,109,0.0
2021,110,0.0
2021,111,0.0
2021,112,0.0
2021,113,0.0
2021,114,0.0
2021,115,0.0
2021,116,0.0
2021,117,0.0
2021,118,0.0
2021,119,0.0
2021,120,0.0
2021,121,0.0
2021,122,0.0
2021,123,0.0
2021,124,0.0
2021,125,0.0
2021,126,0.0
2021,127,0.0
2021,128,0.0
2021,129,0.0
2021,130,0.0
2021,131,0.0
2021,132,0.0
2021,133,0.0
2021,134,0.0
2021,135,0.0
2021,136,0.0
2021,137,0.0
2021,138,0.0
2021,139,0.0
2021,140,0.0
2021,141,0.0
2021,142,0.0
2021,143,0.0
2021,144,0.0
2021,145,0.0
2021,146,0.0
2021,147,0.0
2021,148,0.0
2021,149,0.0
2021,150,0.0
2021,151,0.0
2021,152,0.0
2021,153,0.0
2021,154,0.0
2021,155,0.0
2021,156,0.0
2021,157,0.0
2021,158,0.0
2021,159,0.0
2021,160,0.0
2021,161,0.0
2021,162,0.0
2021,163,0.0
2021,164,0.0
2021,165,0.0
2021,166,0.0
2021,167,0.0
2021,168,0.0
2021,169,0.0
2021,170,0.0
2021,171,0.0
2021,172,0.0
2021,173,0.0
2021,174,0.0
2021,175,0.0
2021,176,0.0
2021,177,0.0
2021,178,0.0
2021,179,0.0
2021,180,0.0
2021,181,0.0
2021,182,0.0
2021,183,0.0
2021,184,0.0
2021,185,0.0
2021,186,0.0
2021,187,0.0
2021,188,0.0
2021,189,0.0
2021,190,0.0
2021,191,0.0
2021,192,0.0
2021,193,0.0
2021,194,0.0
2021,195,0.0
2021,196,0.0
2021,197,0.0
2021,198,0.0
2021,199,0.0
2021,200,0.0
2021,201,0.0
2021,202,0.0
2021,203,0.0
2021,204,0.0
2021,205,0.0
2021,206,0.0
2021,207,0.0
2021,208,0.0
2021,209,0.0
2021,210,0.0
2021,211,0.0
2021,212,0.0
2021,213,0.0
2021,214,0.0
2021,215,0.0
2021,216,0.0
2021,217,0.0
2021,218,0.0
2021,219,0.0
2021,220,0.0
2021,221,0.0
2021,222,0.0
2021,223,0.0
2021,224,0.0
2021,225,0.0
2021,226,0.0
2021,227,0.0
2021,228,0.0
2021,229,0.0
2021,230,0.0
2021,231,0.0
2021,232,0.0
2021,233,0.0
2021,234,0.0
2021,235,0.0
2021,236,0.0
2021,237,0.0
2021,238,0.0
2021,239,0.0
2021,240,0.0
2021,241,0.0
2021,242,0.0
2021,243,0.0
2021,244,0.0
2021,245,0.0
2021,246,0.0
2021,247,0.0
2021,248,0.0
2021,249,0.0
2021,250,0.0
2021,251,0.0
2021,252,0.0
2021,253,0.0
2021,254,0.0
2021,255,0.0
2021,256,0.0
2021,257,0.0
2021,258,0.0
2021,259,0.0
2021,260,0.0
2021,261,0.0
2021,262,0.0
2021,263,0.0
2021,264,0.0
2021,265,0.0
2021,266,0.0
2021,267,0.0
2021,268,0.0
2021,269,0.0
2021,270,0.0
2021,271,0.0
2021,272,0.0
2021,273,0.0
2021,274,0.0
2021,275,0.0
2021,276,0.0
2021,277,0.0
2021,278,0.0
2021,279,0.0
2021,280,0.0
2021,281,0.0
2021,282,0.0
2021,283,0.0
2021,284,0.0
2021,285,0.0
2021,286,0.0
2021,287,0.0
2021,288,0.0
2021,289,0.0
2021,290,0.0
2021,291,0.0
2021,292,0.0
2021,293,0.0
2021,294,0.0
2021,295,0.0
2021,296,0.0
2021,297,0.0
2021,298,0.0
2021,299,0.0
2021,300,0.0
2021,301,0.0
2021,302,0.0
2021,303,0.0
2021,304,0.0
2021,305,0.0
2021,306,0.0
2021,307,0.0
2021,308,0.0
2021,309,0.0
2021,310,0.0
2021,311,0.0
2021,312,0.0
2021,313,0.0
2021,314,0.0
2021,315,0.0
2021,316,0.0
2021,317,0.0
2021,318,0.0
2021,319,0.0
2021,320,0.0
2021,321,0.0
2021,322,0.0
2021,323,0.0
2021,324,0.0
2021,325,0.0
2021,326,0.0
2021,327,0.0
2021,328,0.0
2021,329,0.0
2021,330,0.0
2021,331,0.0
2021,332,0.0
2021,333,0.0
2021,334,0.0
2021,335,0.0
2021,336,0.0
2021,337,0.0
2021,338,0.0
2021,339,0.0
2021,340,0.0
2021,341,0.0
2021,342,0.0
2021,343,0.0
2021,344,0.0
2021,345,0.0
2021,346,0.0
2021,347,0.0
2021,348,0.0
2021,349,0.0
2021,350,0.0
2021,351,0.0
2021,352,0.0
2021,353,0.0
2021,354,0.0
2021,355,0.0
2021,356,0.0
2021,357,0.0
2021,358,0.0
2021,359,0.0
2021,360,0.0
2021,361,0.0
2021,362,0.0
2021,363,0.0
2021,364,0.0
2021,365,0.0
2022,1,0.0
2022,2,0.0
2022,3,0.0
2022,4,0.0
2022,5,0.0
2022,6,0.0
2022,7,0.0
2022,8,0.0
2022,9,0.0
2022,10,0.0
2022,11,0.0
2022,12,0.0
2022,13,0.0
2022,14,0.0
2022,15,0.0
2022,16,0.0
2022,17,0.0
2022,18,0.0
2022,19,0.0
2022,20,0.0
2022,21,0.0
2022,22,0.0
2022,23,0.0
2022,24,0.0
2022,25,0.0
2022,26,0.0
2022,27,0.0
2022,28,0.0
2022,29,0.0
2022,30,0.0
2022,31,0.0
2022,32,0.0
2022,33,0.0
2022,34,0.0
2022,35,0.0
2022,36,0.0
2022,37,0.0
2022,38,0.0
2022,39,0.0
2022,40,0.0
2022,41,0.0
2022,42,0.0
2022,43,0.0
2022,44,0.0
2022,45,0.0
2022,46,0.0
2022,47,0.0
2022,48,0.0
2022,49,0.0
2022,50,0.0
2022,51,0.0
2022,52,0.0
2022,53,0.0
2022,54,0.0
2022,55,0.0
2022,56,0.0
2022,57,0.0
2022,58,0.0
2022,59,0.0
2022,60,0.0
2022,61,0.0
2022,62,0.0
2022,63,0.0
2022,64,0.0
2022,65,0.0
2022,66,0.0
2022,67,0.0
2022,68,0.0
2022,69,0.0
2022,70,0.0
2022,71,0.0
2022,72,0.0
2022,73,0.0
2022,74,0.0
2022,75,0.0
2022,76,0.0
2022,77,0.0
2022,78,0.0
2022,79,0.0
2022,80,0.0
2022,81,0.0
2022,82,0.0
2022,83,0.0
2022,84,0.0
2022,85,0.0
2022,86,0.0
2022,87,0.0
2022,88,0.0
2022,89,0.0
2022,90,0.0
2022,91,0.0
2022,92,0.0
2022,93,0.0
2022,94,0.0
2022,95,0.0
2022,96,0.0
2022,97,0.0
2022,98,0.0
2022,99,0.0
2022,100,0.0
2022,101,0.0
2022,102,0.0
2022,103,0.0
2022,104,0.0
2022,105,0.0
2022,106,0.0
2022,107,0.0
2022,108,0.0
2022,109,0.0
2022,110,0.0
2022,111,0.0
2022,112,0.0
2022,113,0.0
2022,114,0.0
2022,115,0.0
2022,116,0.0
2022,117,0.0
2022,118,0.0
2022,119,0.0
2022,120,0.0
2022,121,0.0
2022,122,0.0
2022,123,0.0
2022,124,0.0
2022,125,0.0
2022,126,0.0
2022,127,0.0
2022,128,0.0
2022,129,0.0
2022,130,0.0
2022,131,0.0
2022,132,0.0
2022,133,0.0
2022,134,0.0
2022,135,0.0
2022,136,0.0
2022,137,0.0
2022,138,0.0
2022,139,0.0
2022,140,0.0
2022,141,0.0
2022,142,0.0
2022,143,0.0
2022,144,0.0
2022,145,0.0
2022,146,0.0
2022,147,0.0
2022,148,0.0
2022,149,0.0
2022,150,0.0
2022,151,0.0
2022,152,0.0
2022,153,0.0
2022,154,0.0
2022,155,0.0
2022,156,0.0
2022,157,0.0
2022,158,0.0
2022,159,0.0
2022,160,0.0
2022,161,0.0
2022,162,0.0
2022,163,0.0
2022,164,0.0
2022,165,0.0
2022,166,0.0
2022,167,0.0
2022,168,0.0
2022,169,0.0
2022,170,0.0
2022,171,0.0
2022,172,0.0
2022,173,0.0
2022,174,0.0
2022,175,0.0
2022,176,0.0
2022,177,0.0
2022,178,0.0
2022,179,0.0
2022,180,0.0
2022,181,0.0
2022,182,0.0
2022,183,0.0
2022,184,0.0
2022,185,0.0
2022,186,0.0
2022,187,0.0
2022,188,0.0
2022,189,0.0
2022,190,0.0
2022,191,0.0
2022,192,0.0
2022,193,0.0
2022,194,0.0
2022,195,0.0
2022,196,0.0
2022,197,0.0
2022,198,0.0
2022,199,0.0
2022,200,0.0
2022,201,0.0
2022,202,0.0
2022,203,0.0
2022,204,0.0
2022,205,0.0
2022,206,0.0
2022,207,0.0
2022,208,0.0
2022,209,0.0
2022,210,0.0
2022,211,0.0
2022,212,0.0
2022,213,0.0
2022,214,0.0
2022,215,0.0
2022,216,0.0
2022,217,0.0
2022,218,0.0
2022,219,0.0
2022,220,0.0
2022,221,0.0
2022,222,0.0
2022,223,0.0
2022,224,0.0
2022,225,0.0
2022,226,0.0
2022,227,0.0
2022,228,0.0
2022,229,0.0
2022,230,0.0
2022,231,0.0
2022,232,0.0
2022,233,0.0
2022,234,0.0
2022,235,0.0
2022,236,0.0
2022,237,0.0
2022,238,0.0
2022,239,0.0
2022,240,0.0
2022,241,0.0
2022,242,0.0
2022,243,0.0
2022,244,0.0
2022,245,0.0
2022,246,0.0
2022,247,0.0
2022,248,0.0
2022,249,0.0
2022,250,0.0
2022,251,0.0
2022,252,0.0
2022,253,0.0
2022,254,0.0
2022,255,0.0
2022,256,0.0
2022,257,0.0
2022,258,0.0
2022,259,0.0
2022,260,0.0
2022,261,0.0
2022,262,0.0
2022,263,0.0
2022,264,0.0
2022,265,0.0
2022,266,0.0
2022,267,0.0
2022,268,0.0
2022,269,0.0
2022,270,0.0
2022,271,0.0
2022,272,0.0
2022,273,0.0
2022,274,0.0
2022,275,0.0
2022,276,0.0
2022,277,0.0
2022,278,0.0
2022,279,0.0
2022,280,0.0
2022,281,0.0
2022,282,0.0
2022,283,0.0
2022,284,0.0
2022,285,0.0
2022,286,0.0
2022,287,0.0
2022,288,0.0
2022,289,0.0
2022,290,0.0
2022,291,0.0
2022,292,0.0
2022,293,0.0
2022,294,0.0
2022,295,0.0
2022,296,0.0
2022,297,0.0
2022,298,0.0
2022,299,0.0
2022,300,0.0
2022,301,0.0
2022,302,0.0
2022,303,0.0
2022,304,0.0
2022,305,0.0
2022,306,0.0
2022,307,0.0
2022,308,0.0
2022,309,0.0
2022,310,0.0
2022,311,0.0
2022,312,0.0
2022,313,0.0
2022,314,0.0
2022,315,0.0
2022,316,0.0
2022,317,0.0
2022,318,0.0
2022,319,0.0
2022,320,0.0
2022,321,0.0
2022,322,0.0
2022,323,0.0
2022,324,0.0
2022,325,0.0
2022,326,0.0
2022,327,0.0
2022,328,0.0
2022,329,0.0
2022,330,0.0
2022,331,0.0
2022,332,0.0
2022,333,0.0
2022,334,0.0
2022,335,0.0
2022,336,0.0
2022,337,0.0
2022,338,0.0
2022,339,0.0
2022,340,0.0
2022,341,0.0
2022,342,0.0
2022,343,0.0
2022,344,0.0
2022,345,0.0
2022,346,0.0
2022,347,0.0
2022,348,0.0
2022,349,0.0
2022,350,0.0
2022,351,0.0
2022,352,0.0
2022,353,0.0
2022,354,0.0
2022,355,0.0
2022,356,0.0
2022,357,0.0
2022,358,0.0
2022,359,0.0
2022,360,0.0
2022,361,0.0
2022,362,0.0
2022,363,0.0
2022,364,0.0
2022,365,0.0
2023,1,0.0
2023,2,0.0
2023,3,0.0
2023,4,0.0
2023,5,0.0
2023,6,0.0
2023,7,0.0
2023,8,0.0
2023,9,0.0
2023,10,0.0
2023,11,0.0
2023,12,0.0
2023,13,0.0
2023,14,0.0
2023,15,0.0
2023,16,0.0
2023,17,0.0
2023,18,0.0
2023,19,0.0
2023,20,0.0
2023,21,0.0
2023,22,0.0
2023,23,0.0
2023,24,0.0
2023,25,0.0
2023,26,0.0
2023,27,0.0
2023,28,0.0
2023,29,0.0
2023,30,0.0
2023,31,0.0
2023,32,0.0
2023,33,0.0
2023,34,0.0
2023,35,0.0
2023,36,0.0
2023,37,0.0
2023,38,0.0
2023,39,0.0
2023,40,0.0
2023,41,0.0
2023,42,0.0
2023,43,0.0
2023,44,0.0
2023,45,0.0
2023,46,0.0
2023,47,0.0
2023,48,0.0
2023,49,0.0
2023,50,0.0
2023,51,0.0
2023,52,0.0
2023,53,0.0
2023,54,0.0
2023,55,0.0
2023,56,0.0
2023,57,0.0
2023,58,0.0
2023,59,0.0
2023,60,0.0
2023,61,0.0
2023,62,0.0
2023,63,0.0
2023,64,0.0
2023,65,0.0
2023,66,0.0
2023,67,0.0
2023,68,0.0
2023,69,0.0
2023,70,0.0
2023,71,0.0
2023,72,0.0
2023,73,0.0
2023,74,0.0
2023,75,0.0
2023,76,0.0
2023,77,0.0
2023,78,0.0
2023,79,0.0
2023,80,0.0
2023,81,0.0
2023,82,0.0
2023,83,0.0
2023,84,0.0
2023,85,0.0
2023,86,0.0
2023,87,0.0
2023,88,0.0
2023,89,0.0
2023,90,0.0
2023,91,0.0
2023,92,0.0
2023,93,0.0
2023,94,0.0
2023,95,0.0
2023,96,0.0
2023,97,0.0
2023,98,0.0
2023,99,0.0
2023,100,0.0
2023,101,0.0
2023,102,0.0
2023,103,0.0
2023,104,0.0
2023,105,0.0
2023,106,0.0
2023,107,0.0
2023,108,0.0
2023,109,0.0
2023,110,0.0
2023,111,0.0
2023,112,0.0
2023,113,0.0
2023,114,0.0
2023,115,0.0
2023,116,0.0
2023,117,0.0
2023,118,0.0
2023,119,0.0
2023,120,0.0
2023,121,0.0
2023,122,0.0
2023,123,0.0
2023,124,0.0
2023,125,0.0
2023,126,0.0
2023,127,0.0
2023,128,0.0
2023,129,0.0
2023,130,0.0
2023,131,0.0
2023,132,0.0
2023,133,0.0
2023,134,0.0
2023,135,0.0
2023,136,0.0
2023,137,0.0
2023,138,0.0
2023,139,0.0
2023,140,0.0
2023,141,0.0
2023,142,0.0
2023,143,0.0
2023,144,0.0
2023,145,0.0
2023,146,0.0
2023,147,0.0
2023,148,0.0
2023,149,0.0
2023,150,0.0
2023,151,0.0
2023,152,0.0
2023,153,0.0
2023,154,0.0
2023,155,0.0
2023,156,0.0
2023,157,0.0
2023,158,0.0
2023,159,0.0
2023,160,0.0
2023,161,0.0
2023,162,0.0
2023,163,0.0
2023,164,0.0
2023,165,0.0
2023,166,0.0
2023,167,0.0
2023,168,0.0
2023,169,0.0
2023,170,0.0
2023,171,0.0
2023,172,0.0
2023,173,0.0
2023,174,0.0
2023,175,0.0
2023,176,0.0
2023,177,0.0
2023,178,0.0
2023,179,0.0
2023,180,0.0
2023,181,0.0
2023,182,0.0
2023,183,0.0
2023,184,0.0
2023,185,0.0
2023,186,0.0
2023,187,0.0
2023,188,0.0
2023,189,0.0
2023,190,0.0
2023,191,0.0
2023,192,0.0
2023,193,0.0
2023,194,0.0
2023,195,0.0
2023,196,0.0
2023,197,0.0
2023,198,0.0
2023,199,0.0
2023,200,0.0
2023,201,0.0
2023,202,0.0
2023,203,0.0
2023,204,0.0
2023,205,0.0
2023,206,0.0
2023,207,0.0
2023,208,0.0
2023,209,0.0
2023,210,0.0
2023,211,0.0
2023,212,0.0
2023,213,0.0
2023,214,0.0
2023,215,0.0
2023,216,0.0
2023,217,0.0
2023,218,0.0
2023,219,0.0
2023,220,0.0
2023,221,0.0
2023,222,0.0
2023,223,0.0
2023,224,0.0
2023,225,0.0
2023,226,0.0
2023,227,0.0
2023,228,0.0
2023,229,0.0
2023,230,0.0
2023,231,0.0
2023,232,0.0
2023,233,0.0
2023,234,0.0
2023,235,0.0
2023,236,0.0
2023,237,0.0
2023,238,0.0
2023,239,0.0
2023,240,0.0
2023,241,0.0
2023,242,0.0
2023,243,0.0
2023,244,0.0
2023,245,0.0
2023,246,0.0
2023,247,0.0
2023,248,0.0
2023,249,0.0
2023,250,0.0
2023,251,0.0
2023,252,0.0
2023,253,0.0
2023,254,0.0
2023,255,0.0
2023,256,0.0
2023,257,0.0
2023,258,0.0
2023,259,0.0
2023,260,0.0
2023,262,0.0
2023,263,0.0
2023,264,0.0
2023,265,0.0
2023,266,0.0
2023,267,0.0
2023,268,0.0
2023,269,0.0
2023,270,0.0
2023,271,0.0
2023,272,0.0
2023,273,0.0
2023,274,0.0
2023,275,0.0
2023,276,0.0
2023,277,0.0
2023,278,0.0
2023,279,0.0
2023,280,0.0
2023,281,0.0
2023,282,0.0
2023,283,0.0
2023,284,0.0
2023,285,0.0
2023,286,0.0
2023,287,0.0
2023,288,0.0
2023,289,0.0
2023,290,0.0
2023,291,0.0
2023,292,0.0
2023,293,0.0
2023,294,0.0
2023,295,0.0
2023,296,0.0
2023,297,0.0
2023,298,0.0
2023,299,0.0
2023,300,0.0
2023,301,0.0
2023,302,0.0
2023,303,0.0
2023,304,0.0
2023,305,0.0
2023,306,0.0
2023,307,0.0
2023,308,0.0
2023,309,0.0
2023,310,0.0
2023,311,0.0
2023,312,0.0
2023,313,0.0
2023,314,0.0
2023,315,0.0
2023,316,0.0
2023,317,0.0
2023,318,0.0
2023,319,0.0
2023,320,0.0
2023,321,0.0
2023,322,0.0
2023,323,0.0
2023,324,0.0
2023,325,0.0
2023,326,0.0
2023,327,0.0
2023,328,0.0
2023,329,0.0
2023,330,0.0
2023,331,0.0
2023,332,0.0
2023,333,0.0
2023,334,0.0
2023,335,0.0
2023,336,0.0
2023,337,0.0
2023,338,0.0
2023,339,0.0
2023,340,0.0
2023,341,0.0
2023,342,0.0
2023,343,0.0
2023,344,0.0
2023,345,0.0
2023,346,0.0
2023,347,0.0
2023,348,0.0
2023,349,0.0
2023,350,0.0
2023,351,0.0
2023,352,0.0
2023,353,0.0
2023,354,0.0
2023,355,0.0
2023,356,0.0
2023,357,0.0
2023,358,0.0
2023,359,0.0
2023,360,0.0
2023,361,0.0
2023,362,0.0
2023,363,0.0
2023,364,0.0
2023,365,0.0
2024,1,0.0
2024,2,0.0
2024,3,0.0
2024,4,0.0
2024,5,0.0
2024,6,0.0
2024,7,0.0
2024,8,0.0
2024,9,0.0
2024,10,0.0
2024,11,0.0
2024,12,0.0
2024,13,0.0
2024,14,0.0
2024,15,0.0
2024,16,0.0
2024,17,0.0
2024,18,0.0
2024,19,0.0
2024,20,0.0
2024,21,0.0
2024,22,0.0
2024,23,0.0
2024,24,0.0
2024,25,0.0
2024,26,0.0
2024,27,0.0
2024,28,0.0
2024,29,0.0
2024,30,0.0
2024,31,0.0
2024,32,0.0
2024,33,0.0
2024,34,0.0
2024,35,0.0
2024,36,0.0
2024,37,0.0
2024,38,0.0
2024,39,0.0
2024,40,0.0
2024,41,0.0
2024,42,0.0
2024,43,0.0
2024,44,0.0
2024,45,0.0
2024,46,0.0
2024,47,0.0
2024,48,0.0
2024,49,0.0
2024,50,0.0
2024,51,0.0
2024,52,0.0
2024,53,0.0
2024,54,0.0
2024,55,0.0
2024,56,0.0
2024,57,0.0
2024,58,0.0
2024,59,0.0
2024,60,0.0
2024,61,0.0
2024,62,0.0
2024,63,0.0
2024,64,0.0
2024,65,0.0
2024,66,0.0
2024,67,0.0
2024,68,0.0
2024,69,0.0
2024,70,0.0
2024,71,0.0
2024,72,0.0
2024,73,0.0
2024,74,0.0
2024,75,0.0
2024,76,0.0
2024,77,0.0
2024,78,0.0
2024,79,0.0
2024,80,0.0
2024,81,0.0
2024,82,0.0
2024,83,0.0
2024,84,0.0
2024,85,0.0
2024,86,0.0
2024,87,0.0
2024,88,0.0
2024,89,0.0
2024,90,0.0
2024,91,0.0
2024,92,0.0
2024,93,0.0
2024,94,0.0
2024,95,0.0
2024,96,0.0
2024,97,0.0
2024,98,0.0
2024,99,0.0
2024,100,0.0
2024,101,0.0
2024,102,0.0
2024,103,0.0
2024,104,0.0
2024,105,0.0
2024,106,0.0
2024,107,0.0
2024,108,0.0
2024,109,0.0
2024,110,0.0
2024,111,0.0
2024,112,0.0
2024,113,0.0
2024,114,0.0
2024,115,0.0
2024,116,0.0
2024,117,0.0
2024,118,0.0
2024,119,0.0
2024,120,0.0
2024,121,0.0
2024,122,0.0
2024,123,0.0
2024,124,0.0
2024,125,0.0
2024,126,0.0
2024,127,0.0
2024,128,0.0
2024,129,0.0
2024,130,0.0
2024,131,0.0
2024,132,0.0
2024,133,0.0
2024,134,0.0
2024,135,0.0
2024,136,0.0
2024,137,0.0
2024,138,0.0
2024,139,0.0
2024,140,0.0
2024,141,0.0
2024,142,0.0
2024,143,0.0
2024,144,0.0
2024,145,0.0
2024,146,0.0
2024,147,0.0
2024,148,0.0
2024,149,0.0
2024,150,0.0
2024,151,0.0
2024,152,0.0
2024,153,0.0
2024,154,0.0
2024,155,0.0
2024,156,0.0
2024,157,0.0
2024,158,0.0
2024,159,0.0
2024,160,0.0
2024,161,0.0
2024,162,0.0
2024,163,0.0
2024,164,0.0
2024,165,0.0
2024,166,0.0
2024,167,0.0
2024,168,0.0
2024,169,0.0
2024,170,0.0
2024,171,0.0
2024,172,0.0
2024,173,0.0
2024,174,0.0
2024,175,0.0
2024,176,0.0
2024,177,0.0
2024,178,0.0
2024,179,0.0
2024,180,0.0
2024,181,0.0
2024,182,0.0
2024,183,0.0
2024,184,0.0
2024,185,0.0
2024,186,0.0
2024,187,0.0
2024,188,0.0
2024,189,0.0
2024,190,0.0
2024,191,0.0
2024,192,0.0
2024,193,0.0
2024,194,0.0
2024,195,0.0
2024,196,0.0
2024,197,0.0
2024,198,0.0
2024,199,0.0
2024,200,0.0
2024,201,0.0
2024,202,0.0
2024,203,0.0
2024,204,0.0
2024,205,0.0
2024,206,0.0
2024,207,0.0
2024,208,0.0
2024,209,0.0
2024,210,0.0
2024,211,0.0
2024,212,0.0
2024,213,0.0
2024,214,0.0
2024,215,0.0
2024,216,0.0
2024,217,0.0
2024,218,0.0
2024,219,0.0
2024,220,0.0
2024,221,0.0
2024,222,0.0
2024,223,0.0
2024,224,0.0
2024,225,0.0
2024,226,0.0
2024,227,0.0
2024,228,0.0
2024,229,0.0
2024,230,0.0
2024,231,0.0
2024,232,0.0
2024,233,0.0
2024,234,0.0
2024,235,0.0
2024,236,0.0
2024,237,0.0
2024,238,0.0
2024,239,0.0
2024,240,0.0
2024,241,0.0
2024,242,0.0
2024,243,0.0
2024,244,0.0
2024,245,0.0
2024,246,0.0
2024,247,0.0
2024,248,0.0
2024,249,0.0
2024,250,0.0
2024,251,0.0
2024,252,0.0
2024,253,0.0
2024,254,0.0
2024,255,0.0
2024,256,0.0
2024,257,0.0
2024,258,0.0
2024,259,0.0
2024,260,0.0
2024,261,0.0
2024,262,0.0
2024,263,0.0
2024,264,0.0
2024,265,0.0
2024,266,0.0
2024,267,0.0
2024,268,0.0
2024,269,0.0
2024,270,0.0
2024,271,0.0
2024,272,0.0
2024,273,0.0
2024,274,0.0
2024,275,0.0
2024,276,0.0
2024,277,0.0
2024,278,0.0
2024,279,0.0
2024,280,0.0
2024,281,0.0
2024,282,0.0
2024,283,0.0
2024,284,0.0
2024,285,0.0
2024,286,0.0
2024,287,0.0
2024,288,0.0
2024,289,0.0
2024,290,0.0
2024,291,0.0
2024,292,0.0
2024,293,0.0
2024,294,0.0
2024,295,0.0
2024,296,0.0
2024,297,0.0
2024,298,0.0
2024,299,0.0
2024,300,0.0
2024,301,0.0
2024,302,0.0
2024,303,0.0
2024,304,0.0
2024,305,0.0
2024,306,0.0
2024,307,0.0
2024,308,0.0
2024,309,0.0
2024,310,0.0
2024,311,0.0
2024,312,0.0
2024,313,0.0
2024,314,0.0
2024,315,0.0
2024,316,0.0
2024,317,0.0
2024,318,0.0
2024,319,0.0
2024,320,0.0
2024,321,0.0
2024,322,0.0
2024,323,0.0
2024,324,0.0
2024,325,0.0
2024,326,0.0
2024,327,0.0
2024,328,0.0
2024,329,0.0
2024,330,0.0
2024,331,0.0
2024,332,0.0
2024,333,0.0
2024,334,0.0
2024,335,0.0
2024,336,0.0
2024,337,0.0
2024,338,0.0
2024,339,0.0
2024,340,0.0
2024,341,0.0
2024,342,0.0
2024,343,0.0
2024,344,0.0
2024,345,0.0
2024,346,0.0
2024,347,0.0
2024,348,0.0
2024,349,0.0
2024,350,0.0
2024,351,0.0
2024,352,0.0
2024,353,0.0
2024,354,0.0
2024,355,0.0
2024,356,0.0
2024,357,0.0
2024,358,0.0
2024,359,0.0
2024,360,0.0
2024,361,0.0
2024,362,0.0
2024,363,0.0
2024,364,0.0
2024,365,0.0
2024,366,0.0
2025,1,0.0
2025,2,0.0
2025,3,0.0
2025,4,0.0
2025,5,0.0
2025,6,0.0
2025,7,0.0
2025,8,0.0
2025,9,0.0
2025,10,0.0
2025,11,0.0
2025,12,0.0
2025,13,0.0
2025,14,0.0
2025,15,0.0
2025,16,0.0
2025,17,0.0
2025,18,0.0
2025,19,0.0
2025,20,0.0
2025,21,0.0
2025,22,0.0
2025,23,0.0
2025,24,0.0
2025,25,0.0
2025,26,0.0
2025,27,0.0
2025,28,0.0
2025,29,0.0
2025,30,0.0
2025,31,0.0
2025,32,0.0
2025,33,0.0
2025,34,0.0
2025,35,0.0
2025,36,0.0
2025,37,0.0
2025,38,0.0
2025,39,0.0
2025,40,0.0
2025,41,0.0
2025,42,0.0
2025,43,0.0
2025,44,0.0
2025,45,0.0
2025,46,0.0
2025,47,0.0
2025,48,0.0
2025,49,0.0
2025,50,0.0
2025,51,0.0
2025,52,0.0
2025,53,0.0
2025,54,0.0
2025,55,0.0
2025,56,0.0
2025,57,0.0
2025,58,0.0
2025,59,0.0
2025,60,0.0
2025,61,0.0
2025,62,0.0
2025,63,0.0
2025,64,0.0
2025,65,0.0
2025,66,0.0
2025,67,0.0
2025,68,0.0
2025,69,0.0
2025,70,0.0
2025,71,0.0
2025,72,0.0
2025,73,0.0
2025,74,0.0
2025,75,0.0
2025,76,0.0
2025,77,0.0
2025,78,0.0
2025,79,0.0
2025,80,0.0
2025,81,0.0
2025,82,0.0
2025,83,0.0
2025,84,0.0
2025,85,0.0
2025,86,0.0
2025,87,0.0
2025,88,0.0
2025,89,0.0
2025,90,0.0
2025,91,0.0
2025,92,0.0
2025,93,0.0
2025,94,0.0
2025,95,0.0
2025,96,0.0
2025,97,0.0
2025,98,0.0
2025,99,0.0
2025,100,0.0
2025,101,0.0
2025,102,0.0
2025,103,0.0
2025,104,0.0
2025,105,0.0
2025,106,0.0
2025,107,0.0
2025,108,0.0
2025,109,0.0
2025,110,0.0
2025,111,0.0
2025,112,0.0
2025,113,0.0
2025,114,0.0
2025,115,0.0
2025,116,0.0
2025,117,0.0
2025,118,0.0
2025,119,0.0
2025,120,0.0
2025,121,0.0
2025,122,0.0
2025,123,0.0
2025,124,0.0
2025,125,0.0
2025,126,0.0
2025,127,0.0
2025,128,0.0
2025,129,0.0
2025,130,0.0
2025,131,0.0
2025,132,0.0
2025,133,0.0
2025,134,0.0
2025,135,0.0
2025,136,0.0
2025,137,0.0
2025,138,0.0
2025,139,0.0
2025,140,0.0
2025,141,0.0
2025,142,0.0
2025,143,0.0
2025,144,0.0
2025,145,0.0
2025,146,0.0
2025,147,0.0
2025,148,0.0
2025,149,0.0
2025,150,0.0
2025,151,0.0
2025,152,0.0
2025,153,0.0
2025,154,0.0
2025,155,0.0
2025,156,0.0
2025,157,0.0
2025,158,0.0
2025,159,0.0
2025,160,0.0
2025,161,0.0
2025,162,0.0
2025,163,0.0
2025,164,0.0
2025,165,0.0
2025,166,0.0
2025,167,0.0
2025,168,0.0
2025,169,0.0
2025,170,0.0
2025,171,0.0
2025,172,0.0
2025,173,0.0
2025,174,0.0
2025,175,0.0
2025,176,0.0
2025,177,0.0
2025,178,0.0
2025,179,0.0
2025,180,0.0
2025,181,0.0
2025,182,0.0
2025,183,0.0
2025,184,0.0
2025,185,0.0
2025,186,0.0
2025,187,0.0
2025,188,0.0
2025,189,0.0
2025,190,0.0
2025,191,0.0
2025,192,0.0
2025,193,0.0
2025,194,0.0
2025,195,0.0
2025,196,0.0
2025,197,0.0
2025,198,0.0
2025,199,0.0
2025,200,0.0
2025,201,0.0
2025,202,0.0
2025,203,0.0
2025,204,0.0
2025,205,0.0
2025,206,0.0
2025,207,0.0
2025,208,0.0
2025,209,0.0
2025,210,0.0
2025,211,0.0
2025,212,0.0
2025,213,0.0
2025,214,0.0
2025,215,0.0
2025,216,0.0
2025,217,0.0
2025,218,0.0
2025,219,0.0
2025,220,0.0
2025,221,0.0
2025,222,0.0
2025,223,0.0
2025,224,0.0
2025,225,0.0
2025,226,0.0
2025,227,0.0
2025,228,0.0
2025,229,0.0
2025,230,0.0
2025,231,0.0
2025,232,0.0
2025,233,0.0
2025,234,0.0
2025,235,0.0
2025,236,0.0
2025,237,0.0
2025,238,0.0
2025,239,0.0
2025,240,0.0
2025,241,0.0
2025,242,0.0
2025,243,0.0
2025,244,0.0
2025,245,0.0
2025,246,0.0
2025,247,0.0
2025,248,0.0
2025,249,0.0
2025,250,0.0
2025,251,0.0
2025,252,0.0
2025,253,0.0
2025,254,0.0
2025,255,0.0
2025,256,0.0
2025,257,0.0
2025,258,0.0
2025,259,0.0
2025,260,0.0
2025,261,0.0
2025,262,0.0
2025,263,0.0
2025,264,0.0
2025,265,0.0
2025,266,0.0
2025,267,0.0
2025,268,0.0
2025,269,0.0
2025,270,0.0
2025,271,0.0
2025,272,0.0
2025,273,0.0
2025,274,0.0
2025,275,0.0
2025,276,0.0
2025,277,0.0
2025,278,0.0
2025,279,0.0
2025,280,0.0
2025,281,0.0
2025,282,0.0
2025,283,0.0
2025,284,0.0
2025,285,0.0
2025,286,0.0
2025,287,0.0
2025,288,0.0
2025,289,0.0
2025,290,0.0
2025,291,0.0
2025,292,0.0
2025,293,0.0
2025,294,0.0
2025,295,0.0
2025,296,0.0
2025,297,0.0
2025,298,0.0
2025,299,0.0
2025,300,0.0
2025,301,0.0
2025,302,0.0
2025,303,0.0
2025,304,0.0
2025,305,0.0
2025,306,0.0
2025,307,0.0
2025,308,0.0
2025,309,0.0
2025,310,0.0
2025,311,0.0
2025,312,0.0
2025,313,0.0
2025,314,0.0
2025,315,0.0
2025,316,0.0
2025,317,0.0
2025,318,0.0
2025,319,0.0
2025,320,0.0
2025,321,0.0
2025,322,0.0
2025,323,0.0
2025,324,0.0
2025,325,0.0
2025,326,0.0
2025,327,0.0
2025,328,0.0
2025,329,0.0
2025,330,0.0
2025,331,0.0
2025,332,0.0
2025,333,0.0
2025,334,0.0
2025,335,0.0
2025,336,0.0
2025,337,0.0
2025,338,0.0
2025,339,0.0
2025,340,0.0
2025,341,0.0
2025,342,0.0
2025,343,0.0
2025,344,0.0
2025,345,0.0
2025,346,0.0
2025,347,0.0
2025,348,0.0
2025,349,0.0
2025,350,0.0
2025,351,0.0
2025,352,0.0
2025,353,0.0
2025,354,0.0
2025,355,0.0
2025,356,0.0
2025,357,0.0
2025,358,0.0
2025,359,0.0
2025,360,0.0
2025,361,0.0
2025,362,0.0
2025,363,0.0
2025,364,0.0
2025,365,0.0
